STRUCTURE,STRUCTURE_ID,STRUCTURE_NAME,ACTION,REF_AREA,,FREQ,,MEASURE,,STATISTICAL_OPERATION,,UNIT_MEASURE,,AGE,,METHODOLOGY,,DEFINITION,,POVERTY_LINE,,TIME_PERIOD,,OBS_VALUE,,OBS_STATUS,,UNIT_MULT,,CURRENCY,,DECIMALS,,PRICE_BASE,,BASE_PER,,CONF_STATUS,
DATAFLOW,OECD.WISE.INE:DSD_WISE_IDD@DF_IDD(1.0),,I,LVA,,A,,INC_DISP_GINI,,_Z,,0_TO_1,,_T,,METH2012,,D_CUR,,_Z,,2023,,0.33994633969,,P,,,,,,3,,,,,,,
DATAFLOW,OECD.WISE.INE:DSD_WISE_IDD@DF_IDD(1.0),,I,NLD,,A,,INC_DISP_GINI,,_Z,,0_TO_1,,_T,,METH2012,,D_CUR,,_Z,,2023,,0.291000008583069,,P,,,,,,3,,,,,,,
DATAFLOW,OECD.WISE.INE:DSD_WISE_IDD@DF_IDD(1.0),,I,USA,,A,,INC_DISP_GINI,,_Z,,0_TO_1,,_T,,METH2012,,D_CUR,,_Z,,2023,,0.3944025,,P,,,,,,3,,,,,,,
DATAFLOW,OECD.WISE.INE:DSD_WISE_IDD@DF_IDD(1.0),,I,AUT,,A,,INC_DISP_GINI,,_Z,,0_TO_1,,_T,,METH2012,,D_CUR,,_Z,,2010,,0.279633630439701,,A,,,,,,3,,,,,,,
DATAFLOW,OECD.WISE.INE:DSD_WISE_IDD@DF_IDD(1.0),,I,AUT,,A,,INC_DISP_GINI,,_Z,,0_TO_1,,_T,,METH2012,,D_CUR,,_Z,,2011,,0.281232552404136,,A,,,,,,3,,,,,,,
DATAFLOW,OECD.WISE.INE:DSD_WISE_IDD@DF_IDD(1.0),,I,AUT,,A,,INC_DISP_GINI,,_Z,,0_TO_1,,_T,,METH2012,,D_CUR,,_Z,,2012,,0.275904886606956,,A,,,,,,3,,,,,,,
DATAFLOW,OECD.WISE.INE:DSD_WISE_IDD@DF_IDD(1.0),,I,AUT,,A,,INC_DISP_GINI,,_Z,,0_TO_1,,_T,,METH2012,,D_CUR,,_Z,,2013,,0.280076464485942,,A,,,,,,3,,,,,,,
DATAFLOW,OECD.WISE.INE:DSD_WISE_IDD@DF_IDD(1.0),,I,AUT,,A,,INC_DISP_GINI,,_Z,,0_TO_1,,_T,,METH2012,,D_CUR,,_Z,,2014,,0.274456599245021,,A,,,,,,3,,,,,,,
DATAFLOW,OECD.WISE.INE:DSD_WISE_IDD@DF_IDD(1.0),,I,AUT,,A,,INC_DISP_GINI,,_Z,,0_TO_1,,_T,,METH2012,,D_CUR,,_Z,,2015,,0.275251661569913,,A,,,,,,3,,,,,,,
DATAFLOW,OECD.WISE.INE:DSD_WISE_IDD@DF_IDD(1.0),,I,AUT,,A,,INC_DISP_GINI,,_Z,,0_TO_1,,_T,,METH2012,,D_CUR,,_Z,,2016,,0.28375175398382,,A,,,,,,3,,,,,,,
DATAFLOW,OECD.WISE.INE:DSD_WISE_IDD@DF_IDD(1.0),,I,AUT,,A,,INC_DISP_GINI,,_Z,,0_TO_1,,_T,,METH2012,,D_CUR,,_Z,,2017,,0.275117683038337,,A,,,,,,3,,,,,,,
DATAFLOW,OECD.WISE.INE:DSD_WISE_IDD@DF_IDD(1.0),,I,AUT,,A,,INC_DISP_GINI,,_Z,,0_TO_1,,_T,,METH2012,,D_CUR,,_Z,,2018,,0.279773473806746,,A,,,,,,3,,,,,,,
DATAFLOW,OECD.WISE.INE:DSD_WISE_IDD@DF_IDD(1.0),,I,AUT,,A,,INC_DISP_GINI,,_Z,,0_TO_1,,_T,,METH2012,,D_CUR,,_Z,,2019,,0.273526859715697,,A,,,,,,3,,,,,,,
DATAFLOW,OECD.WISE.INE:DSD_WISE_IDD@DF_IDD(1.0),,I,AUT,,A,,INC_DISP_GINI,,_Z,,0_TO_1,,_T,,METH2012,,D_CUR,,_Z,,2020,,0.271730123396273,,A,,,,,,3,,,,,,,
DATAFLOW,OECD.WISE.INE:DSD_WISE_IDD@DF_IDD(1.0),,I,AUT,,A,,INC_DISP_GINI,,_Z,,0_TO_1,,_T,,METH2012,,D_CUR,,_Z,,2021,,0.280845307478939,,A,,,,,,3,,,,,,,
DATAFLOW,OECD.WISE.INE:DSD_WISE_IDD@DF_IDD(1.0),,I,AUT,,A,,INC_DISP_GINI,,_Z,,0_TO_1,,_T,,METH2012,,D_CUR,,_Z,,2022,,0.285380840788686,,A,,,,,,3,,,,,,,
DATAFLOW,OECD.WISE.INE:DSD_WISE_IDD@DF_IDD(1.0),,I,BEL,,A,,INC_DISP_GINI,,_Z,,0_TO_1,,_T,,METH2012,,D_CUR,,_Z,,2018,,0.258198113374853,,A,,,,,,3,,,,,,,
DATAFLOW,OECD.WISE.INE:DSD_WISE_IDD@DF_IDD(1.0),,I,BEL,,A,,INC_DISP_GINI,,_Z,,0_TO_1,,_T,,METH2012,,D_CUR,,_Z,,2019,,0.261804121636575,,A,,,,,,3,,,,,,,
DATAFLOW,OECD.WISE.INE:DSD_WISE_IDD@DF_IDD(1.0),,I,BEL,,A,,INC_DISP_GINI,,_Z,,0_TO_1,,_T,,METH2012,,D_CUR,,_Z,,2020,,0.248055779689186,,A,,,,,,3,,,,,,,
DATAFLOW,OECD.WISE.INE:DSD_WISE_IDD@DF_IDD(1.0),,I,BEL,,A,,INC_DISP_GINI,,_Z,,0_TO_1,,_T,,METH2012,,D_CUR,,_Z,,2021,,0.255583523389691,,A,,,,,,3,,,,,,,
DATAFLOW,OECD.WISE.INE:DSD_WISE_IDD@DF_IDD(1.0),,I,BEL,,A,,INC_DISP_GINI,,_Z,,0_TO_1,,_T,,METH2012,,D_CUR,,_Z,,2022,,0.250419586267391,,A,,,,,,3,,,,,,,
DATAFLOW,OECD.WISE.INE:DSD_WISE_IDD@DF_IDD(1.0),,I,CAN,,A,,INC_DISP_GINI,,_Z,,0_TO_1,,_T,,METH2012,,D_CUR,,_Z,,2023,,0.305999994277954,,A,,,,,,3,,,,,,,
DATAFLOW,OECD.WISE.INE:DSD_WISE_IDD@DF_IDD(1.0),,I,CHL,,A,,INC_DISP_GINI,,_Z,,0_TO_1,,_T,,METH2012,,D_CUR,,_Z,,2020,,0.495882187,,A,,,,,,3,,,,,,,
DATAFLOW,OECD.WISE.INE:DSD_WISE_IDD@DF_IDD(1.0),,I,CHL,,A,,INC_DISP_GINI,,_Z,,0_TO_1,,_T,,METH2012,,D_CUR,,_Z,,2022,,0.448147548,,A,,,,,,3,,,,,,,
DATAFLOW,OECD.WISE.INE:DSD_WISE_IDD@DF_IDD(1.0),,I,CRI,,A,,INC_DISP_GINI,,_Z,,0_TO_1,,_T,,METH2012,,D_CUR,,_Z,,2010,,0.47173715,,A,,,,,,3,,,,,,,
DATAFLOW,OECD.WISE.INE:DSD_WISE_IDD@DF_IDD(1.0),,I,CRI,,A,,INC_DISP_GINI,,_Z,,0_TO_1,,_T,,METH2012,,D_CUR,,_Z,,2011,,0.48025624,,A,,,,,,3,,,,,,,
DATAFLOW,OECD.WISE.INE:DSD_WISE_IDD@DF_IDD(1.0),,I,CRI,,A,,INC_DISP_GINI,,_Z,,0_TO_1,,_T,,METH2012,,D_CUR,,_Z,,2012,,0.48321097,,A,,,,,,3,,,,,,,
DATAFLOW,OECD.WISE.INE:DSD_WISE_IDD@DF_IDD(1.0),,I,CRI,,A,,INC_DISP_GINI,,_Z,,0_TO_1,,_T,,METH2012,,D_CUR,,_Z,,2013,,0.49361589,,A,,,,,,3,,,,,,,
DATAFLOW,OECD.WISE.INE:DSD_WISE_IDD@DF_IDD(1.0),,I,CRI,,A,,INC_DISP_GINI,,_Z,,0_TO_1,,_T,,METH2012,,D_CUR,,_Z,,2014,,0.48488472,,A,,,,,,3,,,,,,,
DATAFLOW,OECD.WISE.INE:DSD_WISE_IDD@DF_IDD(1.0),,I,CRI,,A,,INC_DISP_GINI,,_Z,,0_TO_1,,_T,,METH2012,,D_CUR,,_Z,,2015,,0.47906188,,A,,,,,,3,,,,,,,
DATAFLOW,OECD.WISE.INE:DSD_WISE_IDD@DF_IDD(1.0),,I,CRI,,A,,INC_DISP_GINI,,_Z,,0_TO_1,,_T,,METH2012,,D_CUR,,_Z,,2016,,0.48377332,,A,,,,,,3,,,,,,,
DATAFLOW,OECD.WISE.INE:DSD_WISE_IDD@DF_IDD(1.0),,I,CRI,,A,,INC_DISP_GINI,,_Z,,0_TO_1,,_T,,METH2012,,D_CUR,,_Z,,2017,,0.48028401,,A,,,,,,3,,,,,,,
DATAFLOW,OECD.WISE.INE:DSD_WISE_IDD@DF_IDD(1.0),,I,CRI,,A,,INC_DISP_GINI,,_Z,,0_TO_1,,_T,,METH2012,,D_CUR,,_Z,,2018,,0.47897549,,A,,,,,,3,,,,,,,
DATAFLOW,OECD.WISE.INE:DSD_WISE_IDD@DF_IDD(1.0),,I,CRI,,A,,INC_DISP_GINI,,_Z,,0_TO_1,,_T,,METH2012,,D_CUR,,_Z,,2019,,0.47836865,,A,,,,,,3,,,,,,,
DATAFLOW,OECD.WISE.INE:DSD_WISE_IDD@DF_IDD(1.0),,I,CRI,,A,,INC_DISP_GINI,,_Z,,0_TO_1,,_T,,METH2012,,D_CUR,,_Z,,2020,,0.496726,,A,,,,,,3,,,,,,,
DATAFLOW,OECD.WISE.INE:DSD_WISE_IDD@DF_IDD(1.0),,I,CRI,,A,,INC_DISP_GINI,,_Z,,0_TO_1,,_T,,METH2012,,D_CUR,,_Z,,2021,,0.4873102,,A,,,,,,3,,,,,,,
DATAFLOW,OECD.WISE.INE:DSD_WISE_IDD@DF_IDD(1.0),,I,CRI,,A,,INC_DISP_GINI,,_Z,,0_TO_1,,_T,,METH2012,,D_CUR,,_Z,,2022,,0.47186723,,A,,,,,,3,,,,,,,
DATAFLOW,OECD.WISE.INE:DSD_WISE_IDD@DF_IDD(1.0),,I,CRI,,A,,INC_DISP_GINI,,_Z,,0_TO_1,,_T,,METH2012,,D_CUR,,_Z,,2023,,0.47032436,,A,,,,,,3,,,,,,,
DATAFLOW,OECD.WISE.INE:DSD_WISE_IDD@DF_IDD(1.0),,I,CZE,,A,,INC_DISP_GINI,,_Z,,0_TO_1,,_T,,METH2012,,D_CUR,,_Z,,2010,,0.259525100995554,,A,,,,,,3,,,,,,,
DATAFLOW,OECD.WISE.INE:DSD_WISE_IDD@DF_IDD(1.0),,I,CZE,,A,,INC_DISP_GINI,,_Z,,0_TO_1,,_T,,METH2012,,D_CUR,,_Z,,2011,,0.257334877499148,,A,,,,,,3,,,,,,,
DATAFLOW,OECD.WISE.INE:DSD_WISE_IDD@DF_IDD(1.0),,I,CZE,,A,,INC_DISP_GINI,,_Z,,0_TO_1,,_T,,METH2012,,D_CUR,,_Z,,2012,,0.254003526597362,,A,,,,,,3,,,,,,,
DATAFLOW,OECD.WISE.INE:DSD_WISE_IDD@DF_IDD(1.0),,I,CZE,,A,,INC_DISP_GINI,,_Z,,0_TO_1,,_T,,METH2012,,D_CUR,,_Z,,2013,,0.25912320166138,,A,,,,,,3,,,,,,,
DATAFLOW,OECD.WISE.INE:DSD_WISE_IDD@DF_IDD(1.0),,I,CZE,,A,,INC_DISP_GINI,,_Z,,0_TO_1,,_T,,METH2012,,D_CUR,,_Z,,2014,,0.257334505985223,,A,,,,,,3,,,,,,,
DATAFLOW,OECD.WISE.INE:DSD_WISE_IDD@DF_IDD(1.0),,I,CZE,,A,,INC_DISP_GINI,,_Z,,0_TO_1,,_T,,METH2012,,D_CUR,,_Z,,2015,,0.257863698985322,,A,,,,,,3,,,,,,,
DATAFLOW,OECD.WISE.INE:DSD_WISE_IDD@DF_IDD(1.0),,I,CZE,,A,,INC_DISP_GINI,,_Z,,0_TO_1,,_T,,METH2012,,D_CUR,,_Z,,2016,,0.253094150825949,,A,,,,,,3,,,,,,,
DATAFLOW,OECD.WISE.INE:DSD_WISE_IDD@DF_IDD(1.0),,I,CZE,,A,,INC_DISP_GINI,,_Z,,0_TO_1,,_T,,METH2012,,D_CUR,,_Z,,2017,,0.248991292443205,,A,,,,,,3,,,,,,,
DATAFLOW,OECD.WISE.INE:DSD_WISE_IDD@DF_IDD(1.0),,I,CZE,,A,,INC_DISP_GINI,,_Z,,0_TO_1,,_T,,METH2012,,D_CUR,,_Z,,2018,,0.248547947936461,,A,,,,,,3,,,,,,,
DATAFLOW,OECD.WISE.INE:DSD_WISE_IDD@DF_IDD(1.0),,I,CZE,,A,,INC_DISP_GINI,,_Z,,0_TO_1,,_T,,METH2012,,D_CUR,,_Z,,2019,,0.248264747158995,,A,,,,,,3,,,,,,,
DATAFLOW,OECD.WISE.INE:DSD_WISE_IDD@DF_IDD(1.0),,I,CZE,,A,,INC_DISP_GINI,,_Z,,0_TO_1,,_T,,METH2012,,D_CUR,,_Z,,2020,,0.255275808557917,,A,,,,,,3,,,,,,,
DATAFLOW,OECD.WISE.INE:DSD_WISE_IDD@DF_IDD(1.0),,I,CZE,,A,,INC_DISP_GINI,,_Z,,0_TO_1,,_T,,METH2012,,D_CUR,,_Z,,2021,,0.254882210806219,,A,,,,,,3,,,,,,,
DATAFLOW,OECD.WISE.INE:DSD_WISE_IDD@DF_IDD(1.0),,I,CZE,,A,,INC_DISP_GINI,,_Z,,0_TO_1,,_T,,METH2012,,D_CUR,,_Z,,2022,,0.248728370412664,,A,,,,,,3,,,,,,,
DATAFLOW,OECD.WISE.INE:DSD_WISE_IDD@DF_IDD(1.0),,I,DNK,,A,,INC_DISP_GINI,,_Z,,0_TO_1,,_T,,METH2012,,D_CUR,,_Z,,2011,,0.2505,,A,,,,,,3,,,,,,,
DATAFLOW,OECD.WISE.INE:DSD_WISE_IDD@DF_IDD(1.0),,I,DNK,,A,,INC_DISP_GINI,,_Z,,0_TO_1,,_T,,METH2012,,D_CUR,,_Z,,2012,,0.2488,,A,,,,,,3,,,,,,,
DATAFLOW,OECD.WISE.INE:DSD_WISE_IDD@DF_IDD(1.0),,I,DNK,,A,,INC_DISP_GINI,,_Z,,0_TO_1,,_T,,METH2012,,D_CUR,,_Z,,2013,,0.2539,,A,,,,,,3,,,,,,,
DATAFLOW,OECD.WISE.INE:DSD_WISE_IDD@DF_IDD(1.0),,I,DNK,,A,,INC_DISP_GINI,,_Z,,0_TO_1,,_T,,METH2012,,D_CUR,,_Z,,2014,,0.2561,,A,,,,,,3,,,,,,,
DATAFLOW,OECD.WISE.INE:DSD_WISE_IDD@DF_IDD(1.0),,I,DNK,,A,,INC_DISP_GINI,,_Z,,0_TO_1,,_T,,METH2012,,D_CUR,,_Z,,2015,,0.2633,,A,,,,,,3,,,,,,,
DATAFLOW,OECD.WISE.INE:DSD_WISE_IDD@DF_IDD(1.0),,I,DNK,,A,,INC_DISP_GINI,,_Z,,0_TO_1,,_T,,METH2012,,D_CUR,,_Z,,2016,,0.2609,,A,,,,,,3,,,,,,,
DATAFLOW,OECD.WISE.INE:DSD_WISE_IDD@DF_IDD(1.0),,I,DNK,,A,,INC_DISP_GINI,,_Z,,0_TO_1,,_T,,METH2012,,D_CUR,,_Z,,2018,,0.2632,,A,,,,,,3,,,,,,,
DATAFLOW,OECD.WISE.INE:DSD_WISE_IDD@DF_IDD(1.0),,I,DNK,,A,,INC_DISP_GINI,,_Z,,0_TO_1,,_T,,METH2012,,D_CUR,,_Z,,2019,,0.2678,,A,,,,,,3,,,,,,,
DATAFLOW,OECD.WISE.INE:DSD_WISE_IDD@DF_IDD(1.0),,I,DNK,,A,,INC_DISP_GINI,,_Z,,0_TO_1,,_T,,METH2012,,D_CUR,,_Z,,2020,,0.269199997186661,,A,,,,,,3,,,,,,,
DATAFLOW,OECD.WISE.INE:DSD_WISE_IDD@DF_IDD(1.0),,I,DNK,,A,,INC_DISP_GINI,,_Z,,0_TO_1,,_T,,METH2012,,D_CUR,,_Z,,2021,,0.272899985313416,,A,,,,,,3,,,,,,,
DATAFLOW,OECD.WISE.INE:DSD_WISE_IDD@DF_IDD(1.0),,I,DNK,,A,,INC_DISP_GINI,,_Z,,0_TO_1,,_T,,METH2012,,D_CUR,,_Z,,2022,,0.276399999856949,,A,,,,,,3,,,,,,,
DATAFLOW,OECD.WISE.INE:DSD_WISE_IDD@DF_IDD(1.0),,I,EST,,A,,INC_DISP_GINI,,_Z,,0_TO_1,,_T,,METH2012,,D_CUR,,_Z,,2013,,0.355813701717699,,A,,,,,,3,,,,,,,
DATAFLOW,OECD.WISE.INE:DSD_WISE_IDD@DF_IDD(1.0),,I,EST,,A,,INC_DISP_GINI,,_Z,,0_TO_1,,_T,,METH2012,,D_CUR,,_Z,,2014,,0.345843553840909,,A,,,,,,3,,,,,,,
DATAFLOW,OECD.WISE.INE:DSD_WISE_IDD@DF_IDD(1.0),,I,EST,,A,,INC_DISP_GINI,,_Z,,0_TO_1,,_T,,METH2012,,D_CUR,,_Z,,2015,,0.330297474104402,,A,,,,,,3,,,,,,,
DATAFLOW,OECD.WISE.INE:DSD_WISE_IDD@DF_IDD(1.0),,I,EST,,A,,INC_DISP_GINI,,_Z,,0_TO_1,,_T,,METH2012,,D_CUR,,_Z,,2016,,0.314239075122793,,A,,,,,,3,,,,,,,
DATAFLOW,OECD.WISE.INE:DSD_WISE_IDD@DF_IDD(1.0),,I,EST,,A,,INC_DISP_GINI,,_Z,,0_TO_1,,_T,,METH2012,,D_CUR,,_Z,,2017,,0.308786926496072,,A,,,,,,3,,,,,,,
DATAFLOW,OECD.WISE.INE:DSD_WISE_IDD@DF_IDD(1.0),,I,EST,,A,,INC_DISP_GINI,,_Z,,0_TO_1,,_T,,METH2012,,D_CUR,,_Z,,2018,,0.305190606217383,,A,,,,,,3,,,,,,,
DATAFLOW,OECD.WISE.INE:DSD_WISE_IDD@DF_IDD(1.0),,I,EST,,A,,INC_DISP_GINI,,_Z,,0_TO_1,,_T,,METH2012,,D_CUR,,_Z,,2019,,0.304540204786705,,A,,,,,,3,,,,,,,
DATAFLOW,OECD.WISE.INE:DSD_WISE_IDD@DF_IDD(1.0),,I,EST,,A,,INC_DISP_GINI,,_Z,,0_TO_1,,_T,,METH2012,,D_CUR,,_Z,,2020,,0.305417287344327,,A,,,,,,3,,,,,,,
DATAFLOW,OECD.WISE.INE:DSD_WISE_IDD@DF_IDD(1.0),,I,EST,,A,,INC_DISP_GINI,,_Z,,0_TO_1,,_T,,METH2012,,D_CUR,,_Z,,2021,,0.321410768913577,,A,,,,,,3,,,,,,,
DATAFLOW,OECD.WISE.INE:DSD_WISE_IDD@DF_IDD(1.0),,I,EST,,A,,INC_DISP_GINI,,_Z,,0_TO_1,,_T,,METH2012,,D_CUR,,_Z,,2022,,0.320700871480632,,A,,,,,,3,,,,,,,
DATAFLOW,OECD.WISE.INE:DSD_WISE_IDD@DF_IDD(1.0),,I,FIN,,A,,INC_DISP_GINI,,_Z,,0_TO_1,,_T,,METH2012,,D_CUR,,_Z,,2010,,0.26379935,,A,,,,,,3,,,,,,,
DATAFLOW,OECD.WISE.INE:DSD_WISE_IDD@DF_IDD(1.0),,I,FIN,,A,,INC_DISP_GINI,,_Z,,0_TO_1,,_T,,METH2012,,D_CUR,,_Z,,2011,,0.264132509,,A,,,,,,3,,,,,,,
DATAFLOW,OECD.WISE.INE:DSD_WISE_IDD@DF_IDD(1.0),,I,FIN,,A,,INC_DISP_GINI,,_Z,,0_TO_1,,_T,,METH2012,,D_CUR,,_Z,,2012,,0.259831388,,A,,,,,,3,,,,,,,
DATAFLOW,OECD.WISE.INE:DSD_WISE_IDD@DF_IDD(1.0),,I,FIN,,A,,INC_DISP_GINI,,_Z,,0_TO_1,,_T,,METH2012,,D_CUR,,_Z,,2013,,0.26168,,A,,,,,,3,,,,,,,
DATAFLOW,OECD.WISE.INE:DSD_WISE_IDD@DF_IDD(1.0),,I,FIN,,A,,INC_DISP_GINI,,_Z,,0_TO_1,,_T,,METH2012,,D_CUR,,_Z,,2014,,0.25735,,A,,,,,,3,,,,,,,
DATAFLOW,OECD.WISE.INE:DSD_WISE_IDD@DF_IDD(1.0),,I,FIN,,A,,INC_DISP_GINI,,_Z,,0_TO_1,,_T,,METH2012,,D_CUR,,_Z,,2015,,0.26001,,A,,,,,,3,,,,,,,
DATAFLOW,OECD.WISE.INE:DSD_WISE_IDD@DF_IDD(1.0),,I,FIN,,A,,INC_DISP_GINI,,_Z,,0_TO_1,,_T,,METH2012,,D_CUR,,_Z,,2016,,0.25878,,A,,,,,,3,,,,,,,
DATAFLOW,OECD.WISE.INE:DSD_WISE_IDD@DF_IDD(1.0),,I,FIN,,A,,INC_DISP_GINI,,_Z,,0_TO_1,,_T,,METH2012,,D_CUR,,_Z,,2017,,0.26634,,A,,,,,,3,,,,,,,
DATAFLOW,OECD.WISE.INE:DSD_WISE_IDD@DF_IDD(1.0),,I,FIN,,A,,INC_DISP_GINI,,_Z,,0_TO_1,,_T,,METH2012,,D_CUR,,_Z,,2018,,0.26886,,A,,,,,,3,,,,,,,
DATAFLOW,OECD.WISE.INE:DSD_WISE_IDD@DF_IDD(1.0),,I,FIN,,A,,INC_DISP_GINI,,_Z,,0_TO_1,,_T,,METH2012,,D_CUR,,_Z,,2019,,0.27289,,A,,,,,,3,,,,,,,
DATAFLOW,OECD.WISE.INE:DSD_WISE_IDD@DF_IDD(1.0),,I,FIN,,A,,INC_DISP_GINI,,_Z,,0_TO_1,,_T,,METH2012,,D_CUR,,_Z,,2021,,0.27344,,A,,,,,,3,,,,,,,
DATAFLOW,OECD.WISE.INE:DSD_WISE_IDD@DF_IDD(1.0),,I,FIN,,A,,INC_DISP_GINI,,_Z,,0_TO_1,,_T,,METH2012,,D_CUR,,_Z,,2022,,0.27354,,A,,,,,,3,,,,,,,
DATAFLOW,OECD.WISE.INE:DSD_WISE_IDD@DF_IDD(1.0),,I,FIN,,A,,INC_DISP_GINI,,_Z,,0_TO_1,,_T,,METH2012,,D_CUR,,_Z,,2023,,0.268999993801117,,A,,,,,,3,,,,,,,
DATAFLOW,OECD.WISE.INE:DSD_WISE_IDD@DF_IDD(1.0),,I,DEU,,A,,INC_DISP_GINI,,_Z,,0_TO_1,,_T,,METH2012,,D_CUR,,_Z,,2011,,0.2905,,A,,,,,,3,,,,,,,
DATAFLOW,OECD.WISE.INE:DSD_WISE_IDD@DF_IDD(1.0),,I,DEU,,A,,INC_DISP_GINI,,_Z,,0_TO_1,,_T,,METH2012,,D_CUR,,_Z,,2012,,0.2888,,A,,,,,,3,,,,,,,
DATAFLOW,OECD.WISE.INE:DSD_WISE_IDD@DF_IDD(1.0),,I,DEU,,A,,INC_DISP_GINI,,_Z,,0_TO_1,,_T,,METH2012,,D_CUR,,_Z,,2013,,0.29215,,A,,,,,,3,,,,,,,
DATAFLOW,OECD.WISE.INE:DSD_WISE_IDD@DF_IDD(1.0),,I,DEU,,A,,INC_DISP_GINI,,_Z,,0_TO_1,,_T,,METH2012,,D_CUR,,_Z,,2014,,0.2887,,A,,,,,,3,,,,,,,
DATAFLOW,OECD.WISE.INE:DSD_WISE_IDD@DF_IDD(1.0),,I,DEU,,A,,INC_DISP_GINI,,_Z,,0_TO_1,,_T,,METH2012,,D_CUR,,_Z,,2015,,0.29318,,A,,,,,,3,,,,,,,
DATAFLOW,OECD.WISE.INE:DSD_WISE_IDD@DF_IDD(1.0),,I,DEU,,A,,INC_DISP_GINI,,_Z,,0_TO_1,,_T,,METH2012,,D_CUR,,_Z,,2016,,0.29441,,A,,,,,,3,,,,,,,
DATAFLOW,OECD.WISE.INE:DSD_WISE_IDD@DF_IDD(1.0),,I,DEU,,A,,INC_DISP_GINI,,_Z,,0_TO_1,,_T,,METH2012,,D_CUR,,_Z,,2017,,0.28916,,A,,,,,,3,,,,,,,
DATAFLOW,OECD.WISE.INE:DSD_WISE_IDD@DF_IDD(1.0),,I,DEU,,A,,INC_DISP_GINI,,_Z,,0_TO_1,,_T,,METH2012,,D_CUR,,_Z,,2018,,0.28934,,A,,,,,,3,,,,,,,
DATAFLOW,OECD.WISE.INE:DSD_WISE_IDD@DF_IDD(1.0),,I,DEU,,A,,INC_DISP_GINI,,_Z,,0_TO_1,,_T,,METH2012,,D_CUR,,_Z,,2019,,0.2959,,A,,,,,,3,,,,,,,
DATAFLOW,OECD.WISE.INE:DSD_WISE_IDD@DF_IDD(1.0),,I,DEU,,A,,INC_DISP_GINI,,_Z,,0_TO_1,,_T,,METH2012,,D_CUR,,_Z,,2020,,0.30256,,A,,,,,,3,,,,,,,
DATAFLOW,OECD.WISE.INE:DSD_WISE_IDD@DF_IDD(1.0),,I,DEU,,A,,INC_DISP_GINI,,_Z,,0_TO_1,,_T,,METH2012,,D_CUR,,_Z,,2021,,0.312539994716644,,A,,,,,,3,,,,,,,
DATAFLOW,OECD.WISE.INE:DSD_WISE_IDD@DF_IDD(1.0),,I,GRC,,A,,INC_DISP_GINI,,_Z,,0_TO_1,,_T,,METH2012,,D_CUR,,_Z,,2010,,0.335532196243245,,A,,,,,,3,,,,,,,
DATAFLOW,OECD.WISE.INE:DSD_WISE_IDD@DF_IDD(1.0),,I,GRC,,A,,INC_DISP_GINI,,_Z,,0_TO_1,,_T,,METH2012,,D_CUR,,_Z,,2011,,0.333415393694577,,A,,,,,,3,,,,,,,
DATAFLOW,OECD.WISE.INE:DSD_WISE_IDD@DF_IDD(1.0),,I,GRC,,A,,INC_DISP_GINI,,_Z,,0_TO_1,,_T,,METH2012,,D_CUR,,_Z,,2012,,0.338052745889481,,A,,,,,,3,,,,,,,
DATAFLOW,OECD.WISE.INE:DSD_WISE_IDD@DF_IDD(1.0),,I,GRC,,A,,INC_DISP_GINI,,_Z,,0_TO_1,,_T,,METH2012,,D_CUR,,_Z,,2013,,0.341865643617085,,A,,,,,,3,,,,,,,
DATAFLOW,OECD.WISE.INE:DSD_WISE_IDD@DF_IDD(1.0),,I,GRC,,A,,INC_DISP_GINI,,_Z,,0_TO_1,,_T,,METH2012,,D_CUR,,_Z,,2014,,0.338536155445739,,A,,,,,,3,,,,,,,
DATAFLOW,OECD.WISE.INE:DSD_WISE_IDD@DF_IDD(1.0),,I,GRC,,A,,INC_DISP_GINI,,_Z,,0_TO_1,,_T,,METH2012,,D_CUR,,_Z,,2015,,0.340272815292087,,A,,,,,,3,,,,,,,
DATAFLOW,OECD.WISE.INE:DSD_WISE_IDD@DF_IDD(1.0),,I,GRC,,A,,INC_DISP_GINI,,_Z,,0_TO_1,,_T,,METH2012,,D_CUR,,_Z,,2016,,0.333206403990746,,A,,,,,,3,,,,,,,
DATAFLOW,OECD.WISE.INE:DSD_WISE_IDD@DF_IDD(1.0),,I,GRC,,A,,INC_DISP_GINI,,_Z,,0_TO_1,,_T,,METH2012,,D_CUR,,_Z,,2017,,0.319101913420079,,A,,,,,,3,,,,,,,
DATAFLOW,OECD.WISE.INE:DSD_WISE_IDD@DF_IDD(1.0),,I,GRC,,A,,INC_DISP_GINI,,_Z,,0_TO_1,,_T,,METH2012,,D_CUR,,_Z,,2018,,0.305565671794549,,A,,,,,,3,,,,,,,
DATAFLOW,OECD.WISE.INE:DSD_WISE_IDD@DF_IDD(1.0),,I,GRC,,A,,INC_DISP_GINI,,_Z,,0_TO_1,,_T,,METH2012,,D_CUR,,_Z,,2019,,0.31154915421693,,A,,,,,,3,,,,,,,
DATAFLOW,OECD.WISE.INE:DSD_WISE_IDD@DF_IDD(1.0),,I,GRC,,A,,INC_DISP_GINI,,_Z,,0_TO_1,,_T,,METH2012,,D_CUR,,_Z,,2020,,0.320094200487534,,A,,,,,,3,,,,,,,
DATAFLOW,OECD.WISE.INE:DSD_WISE_IDD@DF_IDD(1.0),,I,GRC,,A,,INC_DISP_GINI,,_Z,,0_TO_1,,_T,,METH2012,,D_CUR,,_Z,,2021,,0.31230810393054,,A,,,,,,3,,,,,,,
DATAFLOW,OECD.WISE.INE:DSD_WISE_IDD@DF_IDD(1.0),,I,GRC,,A,,INC_DISP_GINI,,_Z,,0_TO_1,,_T,,METH2012,,D_CUR,,_Z,,2022,,0.316085635688728,,A,,,,,,3,,,,,,,
DATAFLOW,OECD.WISE.INE:DSD_WISE_IDD@DF_IDD(1.0),,I,HUN,,A,,INC_DISP_GINI,,_Z,,0_TO_1,,_T,,METH2012,,D_CUR,,_Z,,2010,,0.26616649566256,,A,,,,,,3,,,,,,,
DATAFLOW,OECD.WISE.INE:DSD_WISE_IDD@DF_IDD(1.0),,I,HUN,,A,,INC_DISP_GINI,,_Z,,0_TO_1,,_T,,METH2012,,D_CUR,,_Z,,2011,,0.269245702686534,,A,,,,,,3,,,,,,,
DATAFLOW,OECD.WISE.INE:DSD_WISE_IDD@DF_IDD(1.0),,I,HUN,,A,,INC_DISP_GINI,,_Z,,0_TO_1,,_T,,METH2012,,D_CUR,,_Z,,2012,,0.279470718259783,,A,,,,,,3,,,,,,,
DATAFLOW,OECD.WISE.INE:DSD_WISE_IDD@DF_IDD(1.0),,I,HUN,,A,,INC_DISP_GINI,,_Z,,0_TO_1,,_T,,METH2012,,D_CUR,,_Z,,2013,,0.285864423519134,,A,,,,,,3,,,,,,,
DATAFLOW,OECD.WISE.INE:DSD_WISE_IDD@DF_IDD(1.0),,I,HUN,,A,,INC_DISP_GINI,,_Z,,0_TO_1,,_T,,METH2012,,D_CUR,,_Z,,2014,,0.281071729822615,,A,,,,,,3,,,,,,,
DATAFLOW,OECD.WISE.INE:DSD_WISE_IDD@DF_IDD(1.0),,I,HUN,,A,,INC_DISP_GINI,,_Z,,0_TO_1,,_T,,METH2012,,D_CUR,,_Z,,2015,,0.283501734107091,,A,,,,,,3,,,,,,,
DATAFLOW,OECD.WISE.INE:DSD_WISE_IDD@DF_IDD(1.0),,I,HUN,,A,,INC_DISP_GINI,,_Z,,0_TO_1,,_T,,METH2012,,D_CUR,,_Z,,2016,,0.280461895425117,,A,,,,,,3,,,,,,,
DATAFLOW,OECD.WISE.INE:DSD_WISE_IDD@DF_IDD(1.0),,I,HUN,,A,,INC_DISP_GINI,,_Z,,0_TO_1,,_T,,METH2012,,D_CUR,,_Z,,2017,,0.289066491163757,,A,,,,,,3,,,,,,,
DATAFLOW,OECD.WISE.INE:DSD_WISE_IDD@DF_IDD(1.0),,I,HUN,,A,,INC_DISP_GINI,,_Z,,0_TO_1,,_T,,METH2012,,D_CUR,,_Z,,2018,,0.279661545076841,,A,,,,,,3,,,,,,,
DATAFLOW,OECD.WISE.INE:DSD_WISE_IDD@DF_IDD(1.0),,I,HUN,,A,,INC_DISP_GINI,,_Z,,0_TO_1,,_T,,METH2012,,D_CUR,,_Z,,2019,,0.286473395055701,,A,,,,,,3,,,,,,,
DATAFLOW,OECD.WISE.INE:DSD_WISE_IDD@DF_IDD(1.0),,I,HUN,,A,,INC_DISP_GINI,,_Z,,0_TO_1,,_T,,METH2012,,D_CUR,,_Z,,2020,,0.280485569237516,,A,,,,,,3,,,,,,,
DATAFLOW,OECD.WISE.INE:DSD_WISE_IDD@DF_IDD(1.0),,I,HUN,,A,,INC_DISP_GINI,,_Z,,0_TO_1,,_T,,METH2012,,D_CUR,,_Z,,2021,,0.27770980095667,,A,,,,,,3,,,,,,,
DATAFLOW,OECD.WISE.INE:DSD_WISE_IDD@DF_IDD(1.0),,I,HUN,,A,,INC_DISP_GINI,,_Z,,0_TO_1,,_T,,METH2012,,D_CUR,,_Z,,2022,,0.294123021609409,,A,,,,,,3,,,,,,,
DATAFLOW,OECD.WISE.INE:DSD_WISE_IDD@DF_IDD(1.0),,I,ISL,,A,,INC_DISP_GINI,,_Z,,0_TO_1,,_T,,METH2012,,D_CUR,,_Z,,2010,,0.248472007851575,,A,,,,,,3,,,,,,,
DATAFLOW,OECD.WISE.INE:DSD_WISE_IDD@DF_IDD(1.0),,I,ISL,,A,,INC_DISP_GINI,,_Z,,0_TO_1,,_T,,METH2012,,D_CUR,,_Z,,2011,,0.251838240572955,,A,,,,,,3,,,,,,,
DATAFLOW,OECD.WISE.INE:DSD_WISE_IDD@DF_IDD(1.0),,I,ISL,,A,,INC_DISP_GINI,,_Z,,0_TO_1,,_T,,METH2012,,D_CUR,,_Z,,2012,,0.252454402532484,,A,,,,,,3,,,,,,,
DATAFLOW,OECD.WISE.INE:DSD_WISE_IDD@DF_IDD(1.0),,I,ISL,,A,,INC_DISP_GINI,,_Z,,0_TO_1,,_T,,METH2012,,D_CUR,,_Z,,2013,,0.240412130229513,,A,,,,,,3,,,,,,,
DATAFLOW,OECD.WISE.INE:DSD_WISE_IDD@DF_IDD(1.0),,I,ISL,,A,,INC_DISP_GINI,,_Z,,0_TO_1,,_T,,METH2012,,D_CUR,,_Z,,2014,,0.246135608662804,,A,,,,,,3,,,,,,,
DATAFLOW,OECD.WISE.INE:DSD_WISE_IDD@DF_IDD(1.0),,I,ISL,,A,,INC_DISP_GINI,,_Z,,0_TO_1,,_T,,METH2012,,D_CUR,,_Z,,2015,,0.256615279741435,,A,,,,,,3,,,,,,,
DATAFLOW,OECD.WISE.INE:DSD_WISE_IDD@DF_IDD(1.0),,I,ISL,,A,,INC_DISP_GINI,,_Z,,0_TO_1,,_T,,METH2012,,D_CUR,,_Z,,2016,,0.264419434586746,,A,,,,,,3,,,,,,,
DATAFLOW,OECD.WISE.INE:DSD_WISE_IDD@DF_IDD(1.0),,I,ISL,,A,,INC_DISP_GINI,,_Z,,0_TO_1,,_T,,METH2012,,D_CUR,,_Z,,2017,,0.249608913396653,,A,,,,,,3,,,,,,,
DATAFLOW,OECD.WISE.INE:DSD_WISE_IDD@DF_IDD(1.0),,I,IRL,,A,,INC_DISP_GINI,,_Z,,0_TO_1,,_T,,METH2012,,D_CUR,,_Z,,2010,,0.298288536964271,,A,,,,,,3,,,,,,,
DATAFLOW,OECD.WISE.INE:DSD_WISE_IDD@DF_IDD(1.0),,I,IRL,,A,,INC_DISP_GINI,,_Z,,0_TO_1,,_T,,METH2012,,D_CUR,,_Z,,2011,,0.306568350394102,,A,,,,,,3,,,,,,,
DATAFLOW,OECD.WISE.INE:DSD_WISE_IDD@DF_IDD(1.0),,I,IRL,,A,,INC_DISP_GINI,,_Z,,0_TO_1,,_T,,METH2012,,D_CUR,,_Z,,2012,,0.309738962380643,,A,,,,,,3,,,,,,,
DATAFLOW,OECD.WISE.INE:DSD_WISE_IDD@DF_IDD(1.0),,I,IRL,,A,,INC_DISP_GINI,,_Z,,0_TO_1,,_T,,METH2012,,D_CUR,,_Z,,2013,,0.311591390136746,,A,,,,,,3,,,,,,,
DATAFLOW,OECD.WISE.INE:DSD_WISE_IDD@DF_IDD(1.0),,I,IRL,,A,,INC_DISP_GINI,,_Z,,0_TO_1,,_T,,METH2012,,D_CUR,,_Z,,2014,,0.297798862656329,,A,,,,,,3,,,,,,,
DATAFLOW,OECD.WISE.INE:DSD_WISE_IDD@DF_IDD(1.0),,I,IRL,,A,,INC_DISP_GINI,,_Z,,0_TO_1,,_T,,METH2012,,D_CUR,,_Z,,2015,,0.297552273011287,,A,,,,,,3,,,,,,,
DATAFLOW,OECD.WISE.INE:DSD_WISE_IDD@DF_IDD(1.0),,I,IRL,,A,,INC_DISP_GINI,,_Z,,0_TO_1,,_T,,METH2012,,D_CUR,,_Z,,2016,,0.308885497600363,,A,,,,,,3,,,,,,,
DATAFLOW,OECD.WISE.INE:DSD_WISE_IDD@DF_IDD(1.0),,I,IRL,,A,,INC_DISP_GINI,,_Z,,0_TO_1,,_T,,METH2012,,D_CUR,,_Z,,2017,,0.294827467079002,,A,,,,,,3,,,,,,,
DATAFLOW,OECD.WISE.INE:DSD_WISE_IDD@DF_IDD(1.0),,I,IRL,,A,,INC_DISP_GINI,,_Z,,0_TO_1,,_T,,METH2012,,D_CUR,,_Z,,2018,,0.2924049075,,A,,,,,,3,,,,,,,
DATAFLOW,OECD.WISE.INE:DSD_WISE_IDD@DF_IDD(1.0),,I,IRL,,A,,INC_DISP_GINI,,_Z,,0_TO_1,,_T,,METH2012,,D_CUR,,_Z,,2019,,0.292924611300601,,A,,,,,,3,,,,,,,
DATAFLOW,OECD.WISE.INE:DSD_WISE_IDD@DF_IDD(1.0),,I,IRL,,A,,INC_DISP_GINI,,_Z,,0_TO_1,,_T,,METH2012,,D_CUR,,_Z,,2020,,0.282219706516402,,A,,,,,,3,,,,,,,
DATAFLOW,OECD.WISE.INE:DSD_WISE_IDD@DF_IDD(1.0),,I,IRL,,A,,INC_DISP_GINI,,_Z,,0_TO_1,,_T,,METH2012,,D_CUR,,_Z,,2021,,0.291158053852958,,A,,,,,,3,,,,,,,
DATAFLOW,OECD.WISE.INE:DSD_WISE_IDD@DF_IDD(1.0),,I,IRL,,A,,INC_DISP_GINI,,_Z,,0_TO_1,,_T,,METH2012,,D_CUR,,_Z,,2022,,0.284687971245852,,A,,,,,,3,,,,,,,
DATAFLOW,OECD.WISE.INE:DSD_WISE_IDD@DF_IDD(1.0),,I,ISR,,A,,INC_DISP_GINI,,_Z,,0_TO_1,,_T,,METH2012,,D_CUR,,_Z,,2011,,0.37073,,A,,,,,,3,,,,,,,
DATAFLOW,OECD.WISE.INE:DSD_WISE_IDD@DF_IDD(1.0),,I,ISR,,A,,INC_DISP_GINI,,_Z,,0_TO_1,,_T,,METH2012,,D_CUR,,_Z,,2012,,0.37147,,A,,,,,,3,,,,,,,
DATAFLOW,OECD.WISE.INE:DSD_WISE_IDD@DF_IDD(1.0),,I,ISR,,A,,INC_DISP_GINI,,_Z,,0_TO_1,,_T,,METH2012,,D_CUR,,_Z,,2013,,0.36032,,A,,,,,,3,,,,,,,
DATAFLOW,OECD.WISE.INE:DSD_WISE_IDD@DF_IDD(1.0),,I,ISR,,A,,INC_DISP_GINI,,_Z,,0_TO_1,,_T,,METH2012,,D_CUR,,_Z,,2014,,0.3645,,A,,,,,,3,,,,,,,
DATAFLOW,OECD.WISE.INE:DSD_WISE_IDD@DF_IDD(1.0),,I,ISR,,A,,INC_DISP_GINI,,_Z,,0_TO_1,,_T,,METH2012,,D_CUR,,_Z,,2015,,0.35956,,A,,,,,,3,,,,,,,
DATAFLOW,OECD.WISE.INE:DSD_WISE_IDD@DF_IDD(1.0),,I,ISR,,A,,INC_DISP_GINI,,_Z,,0_TO_1,,_T,,METH2012,,D_CUR,,_Z,,2016,,0.34629,,A,,,,,,3,,,,,,,
DATAFLOW,OECD.WISE.INE:DSD_WISE_IDD@DF_IDD(1.0),,I,ISR,,A,,INC_DISP_GINI,,_Z,,0_TO_1,,_T,,METH2012,,D_CUR,,_Z,,2017,,0.34362,,A,,,,,,3,,,,,,,
DATAFLOW,OECD.WISE.INE:DSD_WISE_IDD@DF_IDD(1.0),,I,ISR,,A,,INC_DISP_GINI,,_Z,,0_TO_1,,_T,,METH2012,,D_CUR,,_Z,,2018,,0.34797,,A,,,,,,3,,,,,,,
DATAFLOW,OECD.WISE.INE:DSD_WISE_IDD@DF_IDD(1.0),,I,ISR,,A,,INC_DISP_GINI,,_Z,,0_TO_1,,_T,,METH2012,,D_CUR,,_Z,,2019,,0.34227,,A,,,,,,3,,,,,,,
DATAFLOW,OECD.WISE.INE:DSD_WISE_IDD@DF_IDD(1.0),,I,ISR,,A,,INC_DISP_GINI,,_Z,,0_TO_1,,_T,,METH2012,,D_CUR,,_Z,,2020,,0.33982,,A,,,,,,3,,,,,,,
DATAFLOW,OECD.WISE.INE:DSD_WISE_IDD@DF_IDD(1.0),,I,ISR,,A,,INC_DISP_GINI,,_Z,,0_TO_1,,_T,,METH2012,,D_CUR,,_Z,,2021,,0.34812,,A,,,,,,3,,,,,,,
DATAFLOW,OECD.WISE.INE:DSD_WISE_IDD@DF_IDD(1.0),,I,ITA,,A,,INC_DISP_GINI,,_Z,,0_TO_1,,_T,,METH2012,,D_CUR,,_Z,,2010,,0.327322346518374,,A,,,,,,3,,,,,,,
DATAFLOW,OECD.WISE.INE:DSD_WISE_IDD@DF_IDD(1.0),,I,ITA,,A,,INC_DISP_GINI,,_Z,,0_TO_1,,_T,,METH2012,,D_CUR,,_Z,,2011,,0.32657049905694,,A,,,,,,3,,,,,,,
DATAFLOW,OECD.WISE.INE:DSD_WISE_IDD@DF_IDD(1.0),,I,ITA,,A,,INC_DISP_GINI,,_Z,,0_TO_1,,_T,,METH2012,,D_CUR,,_Z,,2012,,0.329985447131466,,A,,,,,,3,,,,,,,
DATAFLOW,OECD.WISE.INE:DSD_WISE_IDD@DF_IDD(1.0),,I,ITA,,A,,INC_DISP_GINI,,_Z,,0_TO_1,,_T,,METH2012,,D_CUR,,_Z,,2013,,0.324852834404022,,A,,,,,,3,,,,,,,
DATAFLOW,OECD.WISE.INE:DSD_WISE_IDD@DF_IDD(1.0),,I,ITA,,A,,INC_DISP_GINI,,_Z,,0_TO_1,,_T,,METH2012,,D_CUR,,_Z,,2014,,0.326403554786522,,A,,,,,,3,,,,,,,
DATAFLOW,OECD.WISE.INE:DSD_WISE_IDD@DF_IDD(1.0),,I,ITA,,A,,INC_DISP_GINI,,_Z,,0_TO_1,,_T,,METH2012,,D_CUR,,_Z,,2015,,0.332745726676477,,A,,,,,,3,,,,,,,
DATAFLOW,OECD.WISE.INE:DSD_WISE_IDD@DF_IDD(1.0),,I,ITA,,A,,INC_DISP_GINI,,_Z,,0_TO_1,,_T,,METH2012,,D_CUR,,_Z,,2016,,0.327489172814721,,A,,,,,,3,,,,,,,
DATAFLOW,OECD.WISE.INE:DSD_WISE_IDD@DF_IDD(1.0),,I,ITA,,A,,INC_DISP_GINI,,_Z,,0_TO_1,,_T,,METH2012,,D_CUR,,_Z,,2017,,0.334411921571719,,A,,,,,,3,,,,,,,
DATAFLOW,OECD.WISE.INE:DSD_WISE_IDD@DF_IDD(1.0),,I,ITA,,A,,INC_DISP_GINI,,_Z,,0_TO_1,,_T,,METH2012,,D_CUR,,_Z,,2018,,0.3297146401,,A,,,,,,3,,,,,,,
DATAFLOW,OECD.WISE.INE:DSD_WISE_IDD@DF_IDD(1.0),,I,ITA,,A,,INC_DISP_GINI,,_Z,,0_TO_1,,_T,,METH2012,,D_CUR,,_Z,,2019,,0.325234499139337,,A,,,,,,3,,,,,,,
DATAFLOW,OECD.WISE.INE:DSD_WISE_IDD@DF_IDD(1.0),,I,ITA,,A,,INC_DISP_GINI,,_Z,,0_TO_1,,_T,,METH2012,,D_CUR,,_Z,,2020,,0.330603741389015,,A,,,,,,3,,,,,,,
DATAFLOW,OECD.WISE.INE:DSD_WISE_IDD@DF_IDD(1.0),,I,ITA,,A,,INC_DISP_GINI,,_Z,,0_TO_1,,_T,,METH2012,,D_CUR,,_Z,,2021,,0.329686825275536,,A,,,,,,3,,,,,,,
DATAFLOW,OECD.WISE.INE:DSD_WISE_IDD@DF_IDD(1.0),,I,ITA,,A,,INC_DISP_GINI,,_Z,,0_TO_1,,_T,,METH2012,,D_CUR,,_Z,,2022,,0.319206792211687,,A,,,,,,3,,,,,,,
DATAFLOW,OECD.WISE.INE:DSD_WISE_IDD@DF_IDD(1.0),,I,LVA,,A,,INC_DISP_GINI,,_Z,,0_TO_1,,_T,,METH2012,,D_CUR,,_Z,,2010,,0.345951007082263,,A,,,,,,3,,,,,,,
DATAFLOW,OECD.WISE.INE:DSD_WISE_IDD@DF_IDD(1.0),,I,LVA,,A,,INC_DISP_GINI,,_Z,,0_TO_1,,_T,,METH2012,,D_CUR,,_Z,,2011,,0.351141769634337,,A,,,,,,3,,,,,,,
DATAFLOW,OECD.WISE.INE:DSD_WISE_IDD@DF_IDD(1.0),,I,LVA,,A,,INC_DISP_GINI,,_Z,,0_TO_1,,_T,,METH2012,,D_CUR,,_Z,,2012,,0.346081396066986,,A,,,,,,3,,,,,,,
DATAFLOW,OECD.WISE.INE:DSD_WISE_IDD@DF_IDD(1.0),,I,LVA,,A,,INC_DISP_GINI,,_Z,,0_TO_1,,_T,,METH2012,,D_CUR,,_Z,,2013,,0.35105281033516,,A,,,,,,3,,,,,,,
DATAFLOW,OECD.WISE.INE:DSD_WISE_IDD@DF_IDD(1.0),,I,LVA,,A,,INC_DISP_GINI,,_Z,,0_TO_1,,_T,,METH2012,,D_CUR,,_Z,,2014,,0.349329767059351,,A,,,,,,3,,,,,,,
DATAFLOW,OECD.WISE.INE:DSD_WISE_IDD@DF_IDD(1.0),,I,LVA,,A,,INC_DISP_GINI,,_Z,,0_TO_1,,_T,,METH2012,,D_CUR,,_Z,,2015,,0.346127540898375,,A,,,,,,3,,,,,,,
DATAFLOW,OECD.WISE.INE:DSD_WISE_IDD@DF_IDD(1.0),,I,LVA,,A,,INC_DISP_GINI,,_Z,,0_TO_1,,_T,,METH2012,,D_CUR,,_Z,,2016,,0.345844058326151,,A,,,,,,3,,,,,,,
DATAFLOW,OECD.WISE.INE:DSD_WISE_IDD@DF_IDD(1.0),,I,LVA,,A,,INC_DISP_GINI,,_Z,,0_TO_1,,_T,,METH2012,,D_CUR,,_Z,,2017,,0.35481338328418,,A,,,,,,3,,,,,,,
DATAFLOW,OECD.WISE.INE:DSD_WISE_IDD@DF_IDD(1.0),,I,LVA,,A,,INC_DISP_GINI,,_Z,,0_TO_1,,_T,,METH2012,,D_CUR,,_Z,,2018,,0.351357764559036,,A,,,,,,3,,,,,,,
DATAFLOW,OECD.WISE.INE:DSD_WISE_IDD@DF_IDD(1.0),,I,LVA,,A,,INC_DISP_GINI,,_Z,,0_TO_1,,_T,,METH2012,,D_CUR,,_Z,,2019,,0.343648570435137,,A,,,,,,3,,,,,,,
DATAFLOW,OECD.WISE.INE:DSD_WISE_IDD@DF_IDD(1.0),,I,LVA,,A,,INC_DISP_GINI,,_Z,,0_TO_1,,_T,,METH2012,,D_CUR,,_Z,,2020,,0.354889791049021,,A,,,,,,3,,,,,,,
DATAFLOW,OECD.WISE.INE:DSD_WISE_IDD@DF_IDD(1.0),,I,LVA,,A,,INC_DISP_GINI,,_Z,,0_TO_1,,_T,,METH2012,,D_CUR,,_Z,,2021,,0.343406014423722,,A,,,,,,3,,,,,,,
DATAFLOW,OECD.WISE.INE:DSD_WISE_IDD@DF_IDD(1.0),,I,LVA,,A,,INC_DISP_GINI,,_Z,,0_TO_1,,_T,,METH2012,,D_CUR,,_Z,,2022,,0.340341895849108,,A,,,,,,3,,,,,,,
DATAFLOW,OECD.WISE.INE:DSD_WISE_IDD@DF_IDD(1.0),,I,LTU,,A,,INC_DISP_GINI,,_Z,,0_TO_1,,_T,,METH2012,,D_CUR,,_Z,,2010,,0.328514709332641,,A,,,,,,3,,,,,,,
DATAFLOW,OECD.WISE.INE:DSD_WISE_IDD@DF_IDD(1.0),,I,LTU,,A,,INC_DISP_GINI,,_Z,,0_TO_1,,_T,,METH2012,,D_CUR,,_Z,,2011,,0.320825625424303,,A,,,,,,3,,,,,,,
DATAFLOW,OECD.WISE.INE:DSD_WISE_IDD@DF_IDD(1.0),,I,LTU,,A,,INC_DISP_GINI,,_Z,,0_TO_1,,_T,,METH2012,,D_CUR,,_Z,,2012,,0.349898350076931,,A,,,,,,3,,,,,,,
DATAFLOW,OECD.WISE.INE:DSD_WISE_IDD@DF_IDD(1.0),,I,LTU,,A,,INC_DISP_GINI,,_Z,,0_TO_1,,_T,,METH2012,,D_CUR,,_Z,,2013,,0.35094065836543,,A,,,,,,3,,,,,,,
DATAFLOW,OECD.WISE.INE:DSD_WISE_IDD@DF_IDD(1.0),,I,LTU,,A,,INC_DISP_GINI,,_Z,,0_TO_1,,_T,,METH2012,,D_CUR,,_Z,,2014,,0.380467826637789,,A,,,,,,3,,,,,,,
DATAFLOW,OECD.WISE.INE:DSD_WISE_IDD@DF_IDD(1.0),,I,LTU,,A,,INC_DISP_GINI,,_Z,,0_TO_1,,_T,,METH2012,,D_CUR,,_Z,,2015,,0.371632560258883,,A,,,,,,3,,,,,,,
DATAFLOW,OECD.WISE.INE:DSD_WISE_IDD@DF_IDD(1.0),,I,LTU,,A,,INC_DISP_GINI,,_Z,,0_TO_1,,_T,,METH2012,,D_CUR,,_Z,,2016,,0.37752029593618,,A,,,,,,3,,,,,,,
DATAFLOW,OECD.WISE.INE:DSD_WISE_IDD@DF_IDD(1.0),,I,LTU,,A,,INC_DISP_GINI,,_Z,,0_TO_1,,_T,,METH2012,,D_CUR,,_Z,,2017,,0.373659856903997,,A,,,,,,3,,,,,,,
DATAFLOW,OECD.WISE.INE:DSD_WISE_IDD@DF_IDD(1.0),,I,LTU,,A,,INC_DISP_GINI,,_Z,,0_TO_1,,_T,,METH2012,,D_CUR,,_Z,,2018,,0.361180875527023,,A,,,,,,3,,,,,,,
DATAFLOW,OECD.WISE.INE:DSD_WISE_IDD@DF_IDD(1.0),,I,LTU,,A,,INC_DISP_GINI,,_Z,,0_TO_1,,_T,,METH2012,,D_CUR,,_Z,,2019,,0.35703255735286,,A,,,,,,3,,,,,,,
DATAFLOW,OECD.WISE.INE:DSD_WISE_IDD@DF_IDD(1.0),,I,LTU,,A,,INC_DISP_GINI,,_Z,,0_TO_1,,_T,,METH2012,,D_CUR,,_Z,,2020,,0.35657128655161,,A,,,,,,3,,,,,,,
DATAFLOW,OECD.WISE.INE:DSD_WISE_IDD@DF_IDD(1.0),,I,LTU,,A,,INC_DISP_GINI,,_Z,,0_TO_1,,_T,,METH2012,,D_CUR,,_Z,,2021,,0.366404779247891,,A,,,,,,3,,,,,,,
DATAFLOW,OECD.WISE.INE:DSD_WISE_IDD@DF_IDD(1.0),,I,LTU,,A,,INC_DISP_GINI,,_Z,,0_TO_1,,_T,,METH2012,,D_CUR,,_Z,,2022,,0.359952586806349,,A,,,,,,3,,,,,,,
DATAFLOW,OECD.WISE.INE:DSD_WISE_IDD@DF_IDD(1.0),,I,LUX,,A,,INC_DISP_GINI,,_Z,,0_TO_1,,_T,,METH2012,,D_CUR,,_Z,,2015,,0.305570434798167,,A,,,,,,3,,,,,,,
DATAFLOW,OECD.WISE.INE:DSD_WISE_IDD@DF_IDD(1.0),,I,LUX,,A,,INC_DISP_GINI,,_Z,,0_TO_1,,_T,,METH2012,,D_CUR,,_Z,,2016,,0.304519353188606,,A,,,,,,3,,,,,,,
DATAFLOW,OECD.WISE.INE:DSD_WISE_IDD@DF_IDD(1.0),,I,LUX,,A,,INC_DISP_GINI,,_Z,,0_TO_1,,_T,,METH2012,,D_CUR,,_Z,,2017,,0.326729823192219,,A,,,,,,3,,,,,,,
DATAFLOW,OECD.WISE.INE:DSD_WISE_IDD@DF_IDD(1.0),,I,LUX,,A,,INC_DISP_GINI,,_Z,,0_TO_1,,_T,,METH2012,,D_CUR,,_Z,,2018,,0.317974814750505,,A,,,,,,3,,,,,,,
DATAFLOW,OECD.WISE.INE:DSD_WISE_IDD@DF_IDD(1.0),,I,LUX,,A,,INC_DISP_GINI,,_Z,,0_TO_1,,_T,,METH2012,,D_CUR,,_Z,,2019,,0.304676334206349,,A,,,,,,3,,,,,,,
DATAFLOW,OECD.WISE.INE:DSD_WISE_IDD@DF_IDD(1.0),,I,LUX,,A,,INC_DISP_GINI,,_Z,,0_TO_1,,_T,,METH2012,,D_CUR,,_Z,,2020,,0.289733368972028,,A,,,,,,3,,,,,,,
DATAFLOW,OECD.WISE.INE:DSD_WISE_IDD@DF_IDD(1.0),,I,LUX,,A,,INC_DISP_GINI,,_Z,,0_TO_1,,_T,,METH2012,,D_CUR,,_Z,,2021,,0.28387244793461,,A,,,,,,3,,,,,,,
DATAFLOW,OECD.WISE.INE:DSD_WISE_IDD@DF_IDD(1.0),,I,LUX,,A,,INC_DISP_GINI,,_Z,,0_TO_1,,_T,,METH2012,,D_CUR,,_Z,,2022,,0.296050833701009,,A,,,,,,3,,,,,,,
DATAFLOW,OECD.WISE.INE:DSD_WISE_IDD@DF_IDD(1.0),,I,MEX,,A,,INC_DISP_GINI,,_Z,,0_TO_1,,_T,,METH2012,,D_CUR,,_Z,,2012,,0.4572018,,A,,,,,,3,,,,,,,
DATAFLOW,OECD.WISE.INE:DSD_WISE_IDD@DF_IDD(1.0),,I,MEX,,A,,INC_DISP_GINI,,_Z,,0_TO_1,,_T,,METH2012,,D_CUR,,_Z,,2014,,0.4593388,,A,,,,,,3,,,,,,,
DATAFLOW,OECD.WISE.INE:DSD_WISE_IDD@DF_IDD(1.0),,I,MEX,,A,,INC_DISP_GINI,,_Z,,0_TO_1,,_T,,METH2012,,D_CUR,,_Z,,2016,,0.4586722,,A,,,,,,3,,,,,,,
DATAFLOW,OECD.WISE.INE:DSD_WISE_IDD@DF_IDD(1.0),,I,MEX,,A,,INC_DISP_GINI,,_Z,,0_TO_1,,_T,,METH2012,,D_CUR,,_Z,,2018,,0.4179922,,A,,,,,,3,,,,,,,
DATAFLOW,OECD.WISE.INE:DSD_WISE_IDD@DF_IDD(1.0),,I,MEX,,A,,INC_DISP_GINI,,_Z,,0_TO_1,,_T,,METH2012,,D_CUR,,_Z,,2020,,0.4204694,,A,,,,,,3,,,,,,,
DATAFLOW,OECD.WISE.INE:DSD_WISE_IDD@DF_IDD(1.0),,I,MEX,,A,,INC_DISP_GINI,,_Z,,0_TO_1,,_T,,METH2012,,D_CUR,,_Z,,2022,,0.4001119,,A,,,,,,3,,,,,,,
DATAFLOW,OECD.WISE.INE:DSD_WISE_IDD@DF_IDD(1.0),,I,NLD,,A,,INC_DISP_GINI,,_Z,,0_TO_1,,_T,,METH2012,,D_CUR,,_Z,,2022,,0.291999995708466,,A,,,,,,3,,,,,,,
DATAFLOW,OECD.WISE.INE:DSD_WISE_IDD@DF_IDD(1.0),,I,NOR,,A,,INC_DISP_GINI,,_Z,,0_TO_1,,_T,,METH2012,,D_CUR,,_Z,,2010,,0.24858,,A,,,,,,3,,,,,,,
DATAFLOW,OECD.WISE.INE:DSD_WISE_IDD@DF_IDD(1.0),,I,NOR,,A,,INC_DISP_GINI,,_Z,,0_TO_1,,_T,,METH2012,,D_CUR,,_Z,,2011,,0.24962,,A,,,,,,3,,,,,,,
DATAFLOW,OECD.WISE.INE:DSD_WISE_IDD@DF_IDD(1.0),,I,NOR,,A,,INC_DISP_GINI,,_Z,,0_TO_1,,_T,,METH2012,,D_CUR,,_Z,,2012,,0.25252,,A,,,,,,3,,,,,,,
DATAFLOW,OECD.WISE.INE:DSD_WISE_IDD@DF_IDD(1.0),,I,NOR,,A,,INC_DISP_GINI,,_Z,,0_TO_1,,_T,,METH2012,,D_CUR,,_Z,,2015,,0.27192,,A,,,,,,3,,,,,,,
DATAFLOW,OECD.WISE.INE:DSD_WISE_IDD@DF_IDD(1.0),,I,NOR,,A,,INC_DISP_GINI,,_Z,,0_TO_1,,_T,,METH2012,,D_CUR,,_Z,,2016,,0.26208,,A,,,,,,3,,,,,,,
DATAFLOW,OECD.WISE.INE:DSD_WISE_IDD@DF_IDD(1.0),,I,NOR,,A,,INC_DISP_GINI,,_Z,,0_TO_1,,_T,,METH2012,,D_CUR,,_Z,,2017,,0.26154,,A,,,,,,3,,,,,,,
DATAFLOW,OECD.WISE.INE:DSD_WISE_IDD@DF_IDD(1.0),,I,NOR,,A,,INC_DISP_GINI,,_Z,,0_TO_1,,_T,,METH2012,,D_CUR,,_Z,,2018,,0.26208,,A,,,,,,3,,,,,,,
DATAFLOW,OECD.WISE.INE:DSD_WISE_IDD@DF_IDD(1.0),,I,NOR,,A,,INC_DISP_GINI,,_Z,,0_TO_1,,_T,,METH2012,,D_CUR,,_Z,,2019,,0.26127,,A,,,,,,3,,,,,,,
DATAFLOW,OECD.WISE.INE:DSD_WISE_IDD@DF_IDD(1.0),,I,NOR,,A,,INC_DISP_GINI,,_Z,,0_TO_1,,_T,,METH2012,,D_CUR,,_Z,,2021,,0.28508,,A,,,,,,3,,,,,,,
DATAFLOW,OECD.WISE.INE:DSD_WISE_IDD@DF_IDD(1.0),,I,NOR,,A,,INC_DISP_GINI,,_Z,,0_TO_1,,_T,,METH2012,,D_CUR,,_Z,,2022,,0.26233,,A,,,,,,3,,,,,,,
DATAFLOW,OECD.WISE.INE:DSD_WISE_IDD@DF_IDD(1.0),,I,POL,,A,,INC_DISP_GINI,,_Z,,0_TO_1,,_T,,METH2012,,D_CUR,,_Z,,2010,,0.30427772266106,,A,,,,,,3,,,,,,,
DATAFLOW,OECD.WISE.INE:DSD_WISE_IDD@DF_IDD(1.0),,I,POL,,A,,INC_DISP_GINI,,_Z,,0_TO_1,,_T,,METH2012,,D_CUR,,_Z,,2011,,0.301374825716215,,A,,,,,,3,,,,,,,
DATAFLOW,OECD.WISE.INE:DSD_WISE_IDD@DF_IDD(1.0),,I,POL,,A,,INC_DISP_GINI,,_Z,,0_TO_1,,_T,,METH2012,,D_CUR,,_Z,,2012,,0.297591508905476,,A,,,,,,3,,,,,,,
DATAFLOW,OECD.WISE.INE:DSD_WISE_IDD@DF_IDD(1.0),,I,POL,,A,,INC_DISP_GINI,,_Z,,0_TO_1,,_T,,METH2012,,D_CUR,,_Z,,2013,,0.299118744926543,,A,,,,,,3,,,,,,,
DATAFLOW,OECD.WISE.INE:DSD_WISE_IDD@DF_IDD(1.0),,I,POL,,A,,INC_DISP_GINI,,_Z,,0_TO_1,,_T,,METH2012,,D_CUR,,_Z,,2014,,0.297265831746318,,A,,,,,,3,,,,,,,
DATAFLOW,OECD.WISE.INE:DSD_WISE_IDD@DF_IDD(1.0),,I,POL,,A,,INC_DISP_GINI,,_Z,,0_TO_1,,_T,,METH2012,,D_CUR,,_Z,,2015,,0.291253761256228,,A,,,,,,3,,,,,,,
DATAFLOW,OECD.WISE.INE:DSD_WISE_IDD@DF_IDD(1.0),,I,POL,,A,,INC_DISP_GINI,,_Z,,0_TO_1,,_T,,METH2012,,D_CUR,,_Z,,2016,,0.284694231273153,,A,,,,,,3,,,,,,,
DATAFLOW,OECD.WISE.INE:DSD_WISE_IDD@DF_IDD(1.0),,I,POL,,A,,INC_DISP_GINI,,_Z,,0_TO_1,,_T,,METH2012,,D_CUR,,_Z,,2017,,0.274673596632604,,A,,,,,,3,,,,,,,
DATAFLOW,OECD.WISE.INE:DSD_WISE_IDD@DF_IDD(1.0),,I,POL,,A,,INC_DISP_GINI,,_Z,,0_TO_1,,_T,,METH2012,,D_CUR,,_Z,,2018,,0.281198172990589,,A,,,,,,3,,,,,,,
DATAFLOW,OECD.WISE.INE:DSD_WISE_IDD@DF_IDD(1.0),,I,POL,,A,,INC_DISP_GINI,,_Z,,0_TO_1,,_T,,METH2012,,D_CUR,,_Z,,2019,,0.268066668146328,,A,,,,,,3,,,,,,,
DATAFLOW,OECD.WISE.INE:DSD_WISE_IDD@DF_IDD(1.0),,I,POL,,A,,INC_DISP_GINI,,_Z,,0_TO_1,,_T,,METH2012,,D_CUR,,_Z,,2020,,0.265315650887684,,A,,,,,,3,,,,,,,
DATAFLOW,OECD.WISE.INE:DSD_WISE_IDD@DF_IDD(1.0),,I,POL,,A,,INC_DISP_GINI,,_Z,,0_TO_1,,_T,,METH2012,,D_CUR,,_Z,,2021,,0.260932806407206,,A,,,,,,3,,,,,,,
DATAFLOW,OECD.WISE.INE:DSD_WISE_IDD@DF_IDD(1.0),,I,POL,,A,,INC_DISP_GINI,,_Z,,0_TO_1,,_T,,METH2012,,D_CUR,,_Z,,2022,,0.270148264569445,,A,,,,,,3,,,,,,,
DATAFLOW,OECD.WISE.INE:DSD_WISE_IDD@DF_IDD(1.0),,I,PRT,,A,,INC_DISP_GINI,,_Z,,0_TO_1,,_T,,METH2012,,D_CUR,,_Z,,2010,,0.341301146611402,,A,,,,,,3,,,,,,,
DATAFLOW,OECD.WISE.INE:DSD_WISE_IDD@DF_IDD(1.0),,I,PRT,,A,,INC_DISP_GINI,,_Z,,0_TO_1,,_T,,METH2012,,D_CUR,,_Z,,2011,,0.337063186693417,,A,,,,,,3,,,,,,,
DATAFLOW,OECD.WISE.INE:DSD_WISE_IDD@DF_IDD(1.0),,I,PRT,,A,,INC_DISP_GINI,,_Z,,0_TO_1,,_T,,METH2012,,D_CUR,,_Z,,2012,,0.337030290952836,,A,,,,,,3,,,,,,,
DATAFLOW,OECD.WISE.INE:DSD_WISE_IDD@DF_IDD(1.0),,I,PRT,,A,,INC_DISP_GINI,,_Z,,0_TO_1,,_T,,METH2012,,D_CUR,,_Z,,2013,,0.340547952609784,,A,,,,,,3,,,,,,,
DATAFLOW,OECD.WISE.INE:DSD_WISE_IDD@DF_IDD(1.0),,I,PRT,,A,,INC_DISP_GINI,,_Z,,0_TO_1,,_T,,METH2012,,D_CUR,,_Z,,2014,,0.33767520928986,,A,,,,,,3,,,,,,,
DATAFLOW,OECD.WISE.INE:DSD_WISE_IDD@DF_IDD(1.0),,I,PRT,,A,,INC_DISP_GINI,,_Z,,0_TO_1,,_T,,METH2012,,D_CUR,,_Z,,2015,,0.3356458171886,,A,,,,,,3,,,,,,,
DATAFLOW,OECD.WISE.INE:DSD_WISE_IDD@DF_IDD(1.0),,I,PRT,,A,,INC_DISP_GINI,,_Z,,0_TO_1,,_T,,METH2012,,D_CUR,,_Z,,2016,,0.331432926681554,,A,,,,,,3,,,,,,,
DATAFLOW,OECD.WISE.INE:DSD_WISE_IDD@DF_IDD(1.0),,I,PRT,,A,,INC_DISP_GINI,,_Z,,0_TO_1,,_T,,METH2012,,D_CUR,,_Z,,2017,,0.319619033280451,,A,,,,,,3,,,,,,,
DATAFLOW,OECD.WISE.INE:DSD_WISE_IDD@DF_IDD(1.0),,I,PRT,,A,,INC_DISP_GINI,,_Z,,0_TO_1,,_T,,METH2012,,D_CUR,,_Z,,2018,,0.316905467183618,,A,,,,,,3,,,,,,,
DATAFLOW,OECD.WISE.INE:DSD_WISE_IDD@DF_IDD(1.0),,I,PRT,,A,,INC_DISP_GINI,,_Z,,0_TO_1,,_T,,METH2012,,D_CUR,,_Z,,2019,,0.30985666638731,,A,,,,,,3,,,,,,,
DATAFLOW,OECD.WISE.INE:DSD_WISE_IDD@DF_IDD(1.0),,I,PRT,,A,,INC_DISP_GINI,,_Z,,0_TO_1,,_T,,METH2012,,D_CUR,,_Z,,2020,,0.326658099242356,,A,,,,,,3,,,,,,,
DATAFLOW,OECD.WISE.INE:DSD_WISE_IDD@DF_IDD(1.0),,I,PRT,,A,,INC_DISP_GINI,,_Z,,0_TO_1,,_T,,METH2012,,D_CUR,,_Z,,2021,,0.312692276799744,,A,,,,,,3,,,,,,,
DATAFLOW,OECD.WISE.INE:DSD_WISE_IDD@DF_IDD(1.0),,I,PRT,,A,,INC_DISP_GINI,,_Z,,0_TO_1,,_T,,METH2012,,D_CUR,,_Z,,2022,,0.331545043195147,,A,,,,,,3,,,,,,,
DATAFLOW,OECD.WISE.INE:DSD_WISE_IDD@DF_IDD(1.0),,I,SVK,,A,,INC_DISP_GINI,,_Z,,0_TO_1,,_T,,METH2012,,D_CUR,,_Z,,2010,,0.264605797967667,,A,,,,,,3,,,,,,,
DATAFLOW,OECD.WISE.INE:DSD_WISE_IDD@DF_IDD(1.0),,I,SVK,,A,,INC_DISP_GINI,,_Z,,0_TO_1,,_T,,METH2012,,D_CUR,,_Z,,2011,,0.262348905298245,,A,,,,,,3,,,,,,,
DATAFLOW,OECD.WISE.INE:DSD_WISE_IDD@DF_IDD(1.0),,I,SVK,,A,,INC_DISP_GINI,,_Z,,0_TO_1,,_T,,METH2012,,D_CUR,,_Z,,2012,,0.250524118552272,,A,,,,,,3,,,,,,,
DATAFLOW,OECD.WISE.INE:DSD_WISE_IDD@DF_IDD(1.0),,I,SVK,,A,,INC_DISP_GINI,,_Z,,0_TO_1,,_T,,METH2012,,D_CUR,,_Z,,2013,,0.269833201594767,,A,,,,,,3,,,,,,,
DATAFLOW,OECD.WISE.INE:DSD_WISE_IDD@DF_IDD(1.0),,I,SVK,,A,,INC_DISP_GINI,,_Z,,0_TO_1,,_T,,METH2012,,D_CUR,,_Z,,2014,,0.247269484459445,,A,,,,,,3,,,,,,,
DATAFLOW,OECD.WISE.INE:DSD_WISE_IDD@DF_IDD(1.0),,I,SVK,,A,,INC_DISP_GINI,,_Z,,0_TO_1,,_T,,METH2012,,D_CUR,,_Z,,2015,,0.250415100755262,,A,,,,,,3,,,,,,,
DATAFLOW,OECD.WISE.INE:DSD_WISE_IDD@DF_IDD(1.0),,I,SVK,,A,,INC_DISP_GINI,,_Z,,0_TO_1,,_T,,METH2012,,D_CUR,,_Z,,2016,,0.240844024138897,,A,,,,,,3,,,,,,,
DATAFLOW,OECD.WISE.INE:DSD_WISE_IDD@DF_IDD(1.0),,I,SVK,,A,,INC_DISP_GINI,,_Z,,0_TO_1,,_T,,METH2012,,D_CUR,,_Z,,2017,,0.219974976766284,,A,,,,,,3,,,,,,,
DATAFLOW,OECD.WISE.INE:DSD_WISE_IDD@DF_IDD(1.0),,I,SVK,,A,,INC_DISP_GINI,,_Z,,0_TO_1,,_T,,METH2012,,D_CUR,,_Z,,2018,,0.236119397216452,,A,,,,,,3,,,,,,,
DATAFLOW,OECD.WISE.INE:DSD_WISE_IDD@DF_IDD(1.0),,I,SVK,,A,,INC_DISP_GINI,,_Z,,0_TO_1,,_T,,METH2012,,D_CUR,,_Z,,2019,,0.222391022082564,,A,,,,,,3,,,,,,,
DATAFLOW,OECD.WISE.INE:DSD_WISE_IDD@DF_IDD(1.0),,I,SVK,,A,,INC_DISP_GINI,,_Z,,0_TO_1,,_T,,METH2012,,D_CUR,,_Z,,2020,,0.229294424872287,,A,,,,,,3,,,,,,,
DATAFLOW,OECD.WISE.INE:DSD_WISE_IDD@DF_IDD(1.0),,I,SVK,,A,,INC_DISP_GINI,,_Z,,0_TO_1,,_T,,METH2012,,D_CUR,,_Z,,2021,,0.216634046332074,,A,,,,,,3,,,,,,,
DATAFLOW,OECD.WISE.INE:DSD_WISE_IDD@DF_IDD(1.0),,I,SVK,,A,,INC_DISP_GINI,,_Z,,0_TO_1,,_T,,METH2012,,D_CUR,,_Z,,2022,,0.226454917659021,,A,,,,,,3,,,,,,,
DATAFLOW,OECD.WISE.INE:DSD_WISE_IDD@DF_IDD(1.0),,I,SVN,,A,,INC_DISP_GINI,,_Z,,0_TO_1,,_T,,METH2012,,D_CUR,,_Z,,2010,,0.24463929417142,,A,,,,,,3,,,,,,,
DATAFLOW,OECD.WISE.INE:DSD_WISE_IDD@DF_IDD(1.0),,I,SVN,,A,,INC_DISP_GINI,,_Z,,0_TO_1,,_T,,METH2012,,D_CUR,,_Z,,2011,,0.243497963111138,,A,,,,,,3,,,,,,,
DATAFLOW,OECD.WISE.INE:DSD_WISE_IDD@DF_IDD(1.0),,I,SVN,,A,,INC_DISP_GINI,,_Z,,0_TO_1,,_T,,METH2012,,D_CUR,,_Z,,2012,,0.248833829782176,,A,,,,,,3,,,,,,,
DATAFLOW,OECD.WISE.INE:DSD_WISE_IDD@DF_IDD(1.0),,I,SVN,,A,,INC_DISP_GINI,,_Z,,0_TO_1,,_T,,METH2012,,D_CUR,,_Z,,2013,,0.25445332897984,,A,,,,,,3,,,,,,,
DATAFLOW,OECD.WISE.INE:DSD_WISE_IDD@DF_IDD(1.0),,I,SVN,,A,,INC_DISP_GINI,,_Z,,0_TO_1,,_T,,METH2012,,D_CUR,,_Z,,2014,,0.250930238101609,,A,,,,,,3,,,,,,,
DATAFLOW,OECD.WISE.INE:DSD_WISE_IDD@DF_IDD(1.0),,I,SVN,,A,,INC_DISP_GINI,,_Z,,0_TO_1,,_T,,METH2012,,D_CUR,,_Z,,2015,,0.249540898790575,,A,,,,,,3,,,,,,,
DATAFLOW,OECD.WISE.INE:DSD_WISE_IDD@DF_IDD(1.0),,I,SVN,,A,,INC_DISP_GINI,,_Z,,0_TO_1,,_T,,METH2012,,D_CUR,,_Z,,2016,,0.243749252437704,,A,,,,,,3,,,,,,,
DATAFLOW,OECD.WISE.INE:DSD_WISE_IDD@DF_IDD(1.0),,I,SVN,,A,,INC_DISP_GINI,,_Z,,0_TO_1,,_T,,METH2012,,D_CUR,,_Z,,2017,,0.242699277654699,,A,,,,,,3,,,,,,,
DATAFLOW,OECD.WISE.INE:DSD_WISE_IDD@DF_IDD(1.0),,I,SVN,,A,,INC_DISP_GINI,,_Z,,0_TO_1,,_T,,METH2012,,D_CUR,,_Z,,2018,,0.248633502508781,,A,,,,,,3,,,,,,,
DATAFLOW,OECD.WISE.INE:DSD_WISE_IDD@DF_IDD(1.0),,I,SVN,,A,,INC_DISP_GINI,,_Z,,0_TO_1,,_T,,METH2012,,D_CUR,,_Z,,2019,,0.24573461056591,,A,,,,,,3,,,,,,,
DATAFLOW,OECD.WISE.INE:DSD_WISE_IDD@DF_IDD(1.0),,I,SVN,,A,,INC_DISP_GINI,,_Z,,0_TO_1,,_T,,METH2012,,D_CUR,,_Z,,2020,,0.238136293122043,,A,,,,,,3,,,,,,,
DATAFLOW,OECD.WISE.INE:DSD_WISE_IDD@DF_IDD(1.0),,I,SVN,,A,,INC_DISP_GINI,,_Z,,0_TO_1,,_T,,METH2012,,D_CUR,,_Z,,2021,,0.241535671714611,,A,,,,,,3,,,,,,,
DATAFLOW,OECD.WISE.INE:DSD_WISE_IDD@DF_IDD(1.0),,I,SVN,,A,,INC_DISP_GINI,,_Z,,0_TO_1,,_T,,METH2012,,D_CUR,,_Z,,2022,,0.243555001714643,,A,,,,,,3,,,,,,,
DATAFLOW,OECD.WISE.INE:DSD_WISE_IDD@DF_IDD(1.0),,I,ESP,,A,,INC_DISP_GINI,,_Z,,0_TO_1,,_T,,METH2012,,D_CUR,,_Z,,2010,,0.338823523977977,,A,,,,,,3,,,,,,,
DATAFLOW,OECD.WISE.INE:DSD_WISE_IDD@DF_IDD(1.0),,I,ESP,,A,,INC_DISP_GINI,,_Z,,0_TO_1,,_T,,METH2012,,D_CUR,,_Z,,2011,,0.340686702663974,,A,,,,,,3,,,,,,,
DATAFLOW,OECD.WISE.INE:DSD_WISE_IDD@DF_IDD(1.0),,I,ESP,,A,,INC_DISP_GINI,,_Z,,0_TO_1,,_T,,METH2012,,D_CUR,,_Z,,2012,,0.33399751886807,,A,,,,,,3,,,,,,,
DATAFLOW,OECD.WISE.INE:DSD_WISE_IDD@DF_IDD(1.0),,I,ESP,,A,,INC_DISP_GINI,,_Z,,0_TO_1,,_T,,METH2012,,D_CUR,,_Z,,2013,,0.344980115861995,,A,,,,,,3,,,,,,,
DATAFLOW,OECD.WISE.INE:DSD_WISE_IDD@DF_IDD(1.0),,I,ESP,,A,,INC_DISP_GINI,,_Z,,0_TO_1,,_T,,METH2012,,D_CUR,,_Z,,2014,,0.343495590094028,,A,,,,,,3,,,,,,,
DATAFLOW,OECD.WISE.INE:DSD_WISE_IDD@DF_IDD(1.0),,I,ESP,,A,,INC_DISP_GINI,,_Z,,0_TO_1,,_T,,METH2012,,D_CUR,,_Z,,2015,,0.344465829818743,,A,,,,,,3,,,,,,,
DATAFLOW,OECD.WISE.INE:DSD_WISE_IDD@DF_IDD(1.0),,I,ESP,,A,,INC_DISP_GINI,,_Z,,0_TO_1,,_T,,METH2012,,D_CUR,,_Z,,2016,,0.340587027614714,,A,,,,,,3,,,,,,,
DATAFLOW,OECD.WISE.INE:DSD_WISE_IDD@DF_IDD(1.0),,I,ESP,,A,,INC_DISP_GINI,,_Z,,0_TO_1,,_T,,METH2012,,D_CUR,,_Z,,2017,,0.332512464561744,,A,,,,,,3,,,,,,,
DATAFLOW,OECD.WISE.INE:DSD_WISE_IDD@DF_IDD(1.0),,I,ESP,,A,,INC_DISP_GINI,,_Z,,0_TO_1,,_T,,METH2012,,D_CUR,,_Z,,2018,,0.330490524696922,,A,,,,,,3,,,,,,,
DATAFLOW,OECD.WISE.INE:DSD_WISE_IDD@DF_IDD(1.0),,I,ESP,,A,,INC_DISP_GINI,,_Z,,0_TO_1,,_T,,METH2012,,D_CUR,,_Z,,2019,,0.320337184407172,,A,,,,,,3,,,,,,,
DATAFLOW,OECD.WISE.INE:DSD_WISE_IDD@DF_IDD(1.0),,I,ESP,,A,,INC_DISP_GINI,,_Z,,0_TO_1,,_T,,METH2012,,D_CUR,,_Z,,2020,,0.329449390819235,,A,,,,,,3,,,,,,,
DATAFLOW,OECD.WISE.INE:DSD_WISE_IDD@DF_IDD(1.0),,I,ESP,,A,,INC_DISP_GINI,,_Z,,0_TO_1,,_T,,METH2012,,D_CUR,,_Z,,2021,,0.319555162877947,,A,,,,,,3,,,,,,,
DATAFLOW,OECD.WISE.INE:DSD_WISE_IDD@DF_IDD(1.0),,I,ESP,,A,,INC_DISP_GINI,,_Z,,0_TO_1,,_T,,METH2012,,D_CUR,,_Z,,2022,,0.315669441876986,,A,,,,,,3,,,,,,,
DATAFLOW,OECD.WISE.INE:DSD_WISE_IDD@DF_IDD(1.0),,I,SWE,,A,,INC_DISP_GINI,,_Z,,0_TO_1,,_T,,METH2012,,D_CUR,,_Z,,2017,,0.28183,,A,,,,,,3,,,,,,,
DATAFLOW,OECD.WISE.INE:DSD_WISE_IDD@DF_IDD(1.0),,I,SWE,,A,,INC_DISP_GINI,,_Z,,0_TO_1,,_T,,METH2012,,D_CUR,,_Z,,2023,,0.289000004529953,,A,,,,,,3,,,,,,,
DATAFLOW,OECD.WISE.INE:DSD_WISE_IDD@DF_IDD(1.0),,I,CHE,,A,,INC_DISP_GINI,,_Z,,0_TO_1,,_T,,METH2012,,D_CUR,,_Z,,2010,,0.298394593,,A,,,,,,3,,,,,,,
DATAFLOW,OECD.WISE.INE:DSD_WISE_IDD@DF_IDD(1.0),,I,CHE,,A,,INC_DISP_GINI,,_Z,,0_TO_1,,_T,,METH2012,,D_CUR,,_Z,,2011,,0.28876852,,A,,,,,,3,,,,,,,
DATAFLOW,OECD.WISE.INE:DSD_WISE_IDD@DF_IDD(1.0),,I,CHE,,A,,INC_DISP_GINI,,_Z,,0_TO_1,,_T,,METH2012,,D_CUR,,_Z,,2012,,0.284980237,,A,,,,,,3,,,,,,,
DATAFLOW,OECD.WISE.INE:DSD_WISE_IDD@DF_IDD(1.0),,I,CHE,,A,,INC_DISP_GINI,,_Z,,0_TO_1,,_T,,METH2012,,D_CUR,,_Z,,2013,,0.295402653,,A,,,,,,3,,,,,,,
DATAFLOW,OECD.WISE.INE:DSD_WISE_IDD@DF_IDD(1.0),,I,CHE,,A,,INC_DISP_GINI,,_Z,,0_TO_1,,_T,,METH2012,,D_CUR,,_Z,,2014,,0.297298269,,A,,,,,,3,,,,,,,
DATAFLOW,OECD.WISE.INE:DSD_WISE_IDD@DF_IDD(1.0),,I,CHE,,A,,INC_DISP_GINI,,_Z,,0_TO_1,,_T,,METH2012,,D_CUR,,_Z,,2015,,0.295506755,,A,,,,,,3,,,,,,,
DATAFLOW,OECD.WISE.INE:DSD_WISE_IDD@DF_IDD(1.0),,I,CHE,,A,,INC_DISP_GINI,,_Z,,0_TO_1,,_T,,METH2012,,D_CUR,,_Z,,2016,,0.302386096,,A,,,,,,3,,,,,,,
DATAFLOW,OECD.WISE.INE:DSD_WISE_IDD@DF_IDD(1.0),,I,CHE,,A,,INC_DISP_GINI,,_Z,,0_TO_1,,_T,,METH2012,,D_CUR,,_Z,,2017,,0.299084486,,A,,,,,,3,,,,,,,
DATAFLOW,OECD.WISE.INE:DSD_WISE_IDD@DF_IDD(1.0),,I,CHE,,A,,INC_DISP_GINI,,_Z,,0_TO_1,,_T,,METH2012,,D_CUR,,_Z,,2018,,0.310825606,,A,,,,,,3,,,,,,,
DATAFLOW,OECD.WISE.INE:DSD_WISE_IDD@DF_IDD(1.0),,I,CHE,,A,,INC_DISP_GINI,,_Z,,0_TO_1,,_T,,METH2012,,D_CUR,,_Z,,2019,,0.315866403,,A,,,,,,3,,,,,,,
DATAFLOW,OECD.WISE.INE:DSD_WISE_IDD@DF_IDD(1.0),,I,CHE,,A,,INC_DISP_GINI,,_Z,,0_TO_1,,_T,,METH2012,,D_CUR,,_Z,,2020,,0.319827662,,A,,,,,,3,,,,,,,
DATAFLOW,OECD.WISE.INE:DSD_WISE_IDD@DF_IDD(1.0),,I,CHE,,A,,INC_DISP_GINI,,_Z,,0_TO_1,,_T,,METH2012,,D_CUR,,_Z,,2021,,0.313459316,,A,,,,,,3,,,,,,,
DATAFLOW,OECD.WISE.INE:DSD_WISE_IDD@DF_IDD(1.0),,I,CHE,,A,,INC_DISP_GINI,,_Z,,0_TO_1,,_T,,METH2012,,D_CUR,,_Z,,2022,,0.316656529903412,,A,,,,,,3,,,,,,,
DATAFLOW,OECD.WISE.INE:DSD_WISE_IDD@DF_IDD(1.0),,I,TUR,,A,,INC_DISP_GINI,,_Z,,0_TO_1,,_T,,METH2012,,D_CUR,,_Z,,2017,,0.409403,,A,,,,,,3,,,,,,,
DATAFLOW,OECD.WISE.INE:DSD_WISE_IDD@DF_IDD(1.0),,I,TUR,,A,,INC_DISP_GINI,,_Z,,0_TO_1,,_T,,METH2012,,D_CUR,,_Z,,2018,,0.397035,,A,,,,,,3,,,,,,,
DATAFLOW,OECD.WISE.INE:DSD_WISE_IDD@DF_IDD(1.0),,I,TUR,,A,,INC_DISP_GINI,,_Z,,0_TO_1,,_T,,METH2012,,D_CUR,,_Z,,2019,,0.414758,,A,,,,,,3,,,,,,,
DATAFLOW,OECD.WISE.INE:DSD_WISE_IDD@DF_IDD(1.0),,I,TUR,,A,,INC_DISP_GINI,,_Z,,0_TO_1,,_T,,METH2012,,D_CUR,,_Z,,2020,,0.402874,,A,,,,,,3,,,,,,,
DATAFLOW,OECD.WISE.INE:DSD_WISE_IDD@DF_IDD(1.0),,I,TUR,,A,,INC_DISP_GINI,,_Z,,0_TO_1,,_T,,METH2012,,D_CUR,,_Z,,2021,,0.433142,,A,,,,,,3,,,,,,,
DATAFLOW,OECD.WISE.INE:DSD_WISE_IDD@DF_IDD(1.0),,I,TUR,,A,,INC_DISP_GINI,,_Z,,0_TO_1,,_T,,METH2012,,D_CUR,,_Z,,2022,,0.427148,,A,,,,,,3,,,,,,,
DATAFLOW,OECD.WISE.INE:DSD_WISE_IDD@DF_IDD(1.0),,I,GBR,,A,,INC_DISP_GINI,,_Z,,0_TO_1,,_T,,METH2012,,D_CUR,,_Z,,2010,,0.350878657,,A,,,,,,3,,,,,,,
DATAFLOW,OECD.WISE.INE:DSD_WISE_IDD@DF_IDD(1.0),,I,GBR,,A,,INC_DISP_GINI,,_Z,,0_TO_1,,_T,,METH2012,,D_CUR,,_Z,,2011,,0.353700293,,A,,,,,,3,,,,,,,
DATAFLOW,OECD.WISE.INE:DSD_WISE_IDD@DF_IDD(1.0),,I,GBR,,A,,INC_DISP_GINI,,_Z,,0_TO_1,,_T,,METH2012,,D_CUR,,_Z,,2012,,0.351452428,,A,,,,,,3,,,,,,,
DATAFLOW,OECD.WISE.INE:DSD_WISE_IDD@DF_IDD(1.0),,I,GBR,,A,,INC_DISP_GINI,,_Z,,0_TO_1,,_T,,METH2012,,D_CUR,,_Z,,2014,,0.356090734,,A,,,,,,3,,,,,,,
DATAFLOW,OECD.WISE.INE:DSD_WISE_IDD@DF_IDD(1.0),,I,GBR,,A,,INC_DISP_GINI,,_Z,,0_TO_1,,_T,,METH2012,,D_CUR,,_Z,,2015,,0.360156422,,A,,,,,,3,,,,,,,
DATAFLOW,OECD.WISE.INE:DSD_WISE_IDD@DF_IDD(1.0),,I,GBR,,A,,INC_DISP_GINI,,_Z,,0_TO_1,,_T,,METH2012,,D_CUR,,_Z,,2021,,0.354064263,,A,,,,,,3,,,,,,,
DATAFLOW,OECD.WISE.INE:DSD_WISE_IDD@DF_IDD(1.0),,I,GBR,,A,,INC_DISP_GINI,,_Z,,0_TO_1,,_T,,METH2012,,D_CUR,,_Z,,2022,,0.364765613,,A,,,,,,3,,,,,,,
DATAFLOW,OECD.WISE.INE:DSD_WISE_IDD@DF_IDD(1.0),,I,GBR,,A,,INC_DISP_GINI,,_Z,,0_TO_1,,_T,,METH2012,,D_CUR,,_Z,,2023,,0.36703035235405,,A,,,,,,3,,,,,,,
DATAFLOW,OECD.WISE.INE:DSD_WISE_IDD@DF_IDD(1.0),,I,USA,,A,,INC_DISP_GINI,,_Z,,0_TO_1,,_T,,METH2012,,D_CUR,,_Z,,2013,,0.3959848,,A,,,,,,3,,,,,,,
DATAFLOW,OECD.WISE.INE:DSD_WISE_IDD@DF_IDD(1.0),,I,USA,,A,,INC_DISP_GINI,,_Z,,0_TO_1,,_T,,METH2012,,D_CUR,,_Z,,2014,,0.39381632,,A,,,,,,3,,,,,,,
DATAFLOW,OECD.WISE.INE:DSD_WISE_IDD@DF_IDD(1.0),,I,USA,,A,,INC_DISP_GINI,,_Z,,0_TO_1,,_T,,METH2012,,D_CUR,,_Z,,2015,,0.38955993,,A,,,,,,3,,,,,,,
DATAFLOW,OECD.WISE.INE:DSD_WISE_IDD@DF_IDD(1.0),,I,USA,,A,,INC_DISP_GINI,,_Z,,0_TO_1,,_T,,METH2012,,D_CUR,,_Z,,2016,,0.39123223,,A,,,,,,3,,,,,,,
DATAFLOW,OECD.WISE.INE:DSD_WISE_IDD@DF_IDD(1.0),,I,USA,,A,,INC_DISP_GINI,,_Z,,0_TO_1,,_T,,METH2012,,D_CUR,,_Z,,2017,,0.3899,,A,,,,,,3,,,,,,,
DATAFLOW,OECD.WISE.INE:DSD_WISE_IDD@DF_IDD(1.0),,I,USA,,A,,INC_DISP_GINI,,_Z,,0_TO_1,,_T,,METH2012,,D_CUR,,_Z,,2018,,0.3927,,A,,,,,,3,,,,,,,
DATAFLOW,OECD.WISE.INE:DSD_WISE_IDD@DF_IDD(1.0),,I,USA,,A,,INC_DISP_GINI,,_Z,,0_TO_1,,_T,,METH2012,,D_CUR,,_Z,,2019,,0.3949,,A,,,,,,3,,,,,,,
DATAFLOW,OECD.WISE.INE:DSD_WISE_IDD@DF_IDD(1.0),,I,USA,,A,,INC_DISP_GINI,,_Z,,0_TO_1,,_T,,METH2012,,D_CUR,,_Z,,2020,,0.3773,,A,,,,,,3,,,,,,,
DATAFLOW,OECD.WISE.INE:DSD_WISE_IDD@DF_IDD(1.0),,I,USA,,A,,INC_DISP_GINI,,_Z,,0_TO_1,,_T,,METH2012,,D_CUR,,_Z,,2021,,0.3752,,A,,,,,,3,,,,,,,
DATAFLOW,OECD.WISE.INE:DSD_WISE_IDD@DF_IDD(1.0),,I,USA,,A,,INC_DISP_GINI,,_Z,,0_TO_1,,_T,,METH2012,,D_CUR,,_Z,,2022,,0.3961,,A,,,,,,3,,,,,,,
DATAFLOW,OECD.WISE.INE:DSD_WISE_IDD@DF_IDD(1.0),,I,BRA,,A,,INC_DISP_GINI,,_Z,,0_TO_1,,_T,,METH2012,,D_CUR,,_Z,,2016,,0.462346856,,A,,,,,,3,,,,,,,
DATAFLOW,OECD.WISE.INE:DSD_WISE_IDD@DF_IDD(1.0),,I,BRA,,A,,INC_DISP_GINI,,_Z,,0_TO_1,,_T,,METH2012,,D_CUR,,_Z,,2017,,0.47471741,,A,,,,,,3,,,,,,,
DATAFLOW,OECD.WISE.INE:DSD_WISE_IDD@DF_IDD(1.0),,I,BRA,,A,,INC_DISP_GINI,,_Z,,0_TO_1,,_T,,METH2012,,D_CUR,,_Z,,2018,,0.473973287,,A,,,,,,3,,,,,,,
DATAFLOW,OECD.WISE.INE:DSD_WISE_IDD@DF_IDD(1.0),,I,BRA,,A,,INC_DISP_GINI,,_Z,,0_TO_1,,_T,,METH2012,,D_CUR,,_Z,,2019,,0.475687831,,A,,,,,,3,,,,,,,
DATAFLOW,OECD.WISE.INE:DSD_WISE_IDD@DF_IDD(1.0),,I,BRA,,A,,INC_DISP_GINI,,_Z,,0_TO_1,,_T,,METH2012,,D_CUR,,_Z,,2020,,0.448271122,,A,,,,,,3,,,,,,,
DATAFLOW,OECD.WISE.INE:DSD_WISE_IDD@DF_IDD(1.0),,I,BRA,,A,,INC_DISP_GINI,,_Z,,0_TO_1,,_T,,METH2012,,D_CUR,,_Z,,2021,,0.469417416,,A,,,,,,3,,,,,,,
DATAFLOW,OECD.WISE.INE:DSD_WISE_IDD@DF_IDD(1.0),,I,BRA,,A,,INC_DISP_GINI,,_Z,,0_TO_1,,_T,,METH2012,,D_CUR,,_Z,,2022,,0.45117845,,A,,,,,,3,,,,,,,
DATAFLOW,OECD.WISE.INE:DSD_WISE_IDD@DF_IDD(1.0),,I,BGR,,A,,INC_DISP_GINI,,_Z,,0_TO_1,,_T,,METH2012,,D_CUR,,_Z,,2010,,0.329426277848718,,A,,,,,,3,,,,,,,
DATAFLOW,OECD.WISE.INE:DSD_WISE_IDD@DF_IDD(1.0),,I,BGR,,A,,INC_DISP_GINI,,_Z,,0_TO_1,,_T,,METH2012,,D_CUR,,_Z,,2011,,0.340060423461061,,A,,,,,,3,,,,,,,
DATAFLOW,OECD.WISE.INE:DSD_WISE_IDD@DF_IDD(1.0),,I,BGR,,A,,INC_DISP_GINI,,_Z,,0_TO_1,,_T,,METH2012,,D_CUR,,_Z,,2012,,0.35627674815985,,A,,,,,,3,,,,,,,
DATAFLOW,OECD.WISE.INE:DSD_WISE_IDD@DF_IDD(1.0),,I,BGR,,A,,INC_DISP_GINI,,_Z,,0_TO_1,,_T,,METH2012,,D_CUR,,_Z,,2013,,0.354075559387775,,A,,,,,,3,,,,,,,
DATAFLOW,OECD.WISE.INE:DSD_WISE_IDD@DF_IDD(1.0),,I,BGR,,A,,INC_DISP_GINI,,_Z,,0_TO_1,,_T,,METH2012,,D_CUR,,_Z,,2014,,0.368865693401965,,A,,,,,,3,,,,,,,
DATAFLOW,OECD.WISE.INE:DSD_WISE_IDD@DF_IDD(1.0),,I,BGR,,A,,INC_DISP_GINI,,_Z,,0_TO_1,,_T,,METH2012,,D_CUR,,_Z,,2015,,0.376873171211154,,A,,,,,,3,,,,,,,
DATAFLOW,OECD.WISE.INE:DSD_WISE_IDD@DF_IDD(1.0),,I,BGR,,A,,INC_DISP_GINI,,_Z,,0_TO_1,,_T,,METH2012,,D_CUR,,_Z,,2016,,0.401724243102308,,A,,,,,,3,,,,,,,
DATAFLOW,OECD.WISE.INE:DSD_WISE_IDD@DF_IDD(1.0),,I,BGR,,A,,INC_DISP_GINI,,_Z,,0_TO_1,,_T,,METH2012,,D_CUR,,_Z,,2017,,0.395290738976896,,A,,,,,,3,,,,,,,
DATAFLOW,OECD.WISE.INE:DSD_WISE_IDD@DF_IDD(1.0),,I,BGR,,A,,INC_DISP_GINI,,_Z,,0_TO_1,,_T,,METH2012,,D_CUR,,_Z,,2018,,0.407820580733571,,A,,,,,,3,,,,,,,
DATAFLOW,OECD.WISE.INE:DSD_WISE_IDD@DF_IDD(1.0),,I,BGR,,A,,INC_DISP_GINI,,_Z,,0_TO_1,,_T,,METH2012,,D_CUR,,_Z,,2019,,0.401846261198153,,A,,,,,,3,,,,,,,
DATAFLOW,OECD.WISE.INE:DSD_WISE_IDD@DF_IDD(1.0),,I,BGR,,A,,INC_DISP_GINI,,_Z,,0_TO_1,,_T,,METH2012,,D_CUR,,_Z,,2020,,0.395858446471342,,A,,,,,,3,,,,,,,
DATAFLOW,OECD.WISE.INE:DSD_WISE_IDD@DF_IDD(1.0),,I,BGR,,A,,INC_DISP_GINI,,_Z,,0_TO_1,,_T,,METH2012,,D_CUR,,_Z,,2021,,0.38321715008133,,A,,,,,,3,,,,,,,
DATAFLOW,OECD.WISE.INE:DSD_WISE_IDD@DF_IDD(1.0),,I,BGR,,A,,INC_DISP_GINI,,_Z,,0_TO_1,,_T,,METH2012,,D_CUR,,_Z,,2022,,0.373836308121417,,A,,,,,,3,,,,,,,
DATAFLOW,OECD.WISE.INE:DSD_WISE_IDD@DF_IDD(1.0),,I,CHN,,A,,INC_DISP_GINI,,_Z,,0_TO_1,,_T,,METH2012,,D_CUR,,_Z,,2011,,0.5142616,,A,,,,,,3,,,,,,,
DATAFLOW,OECD.WISE.INE:DSD_WISE_IDD@DF_IDD(1.0),,I,HRV,,A,,INC_DISP_GINI,,_Z,,0_TO_1,,_T,,METH2012,,D_CUR,,_Z,,2010,,0.307214633744384,,A,,,,,,3,,,,,,,
DATAFLOW,OECD.WISE.INE:DSD_WISE_IDD@DF_IDD(1.0),,I,HRV,,A,,INC_DISP_GINI,,_Z,,0_TO_1,,_T,,METH2012,,D_CUR,,_Z,,2011,,0.303640659174778,,A,,,,,,3,,,,,,,
DATAFLOW,OECD.WISE.INE:DSD_WISE_IDD@DF_IDD(1.0),,I,HRV,,A,,INC_DISP_GINI,,_Z,,0_TO_1,,_T,,METH2012,,D_CUR,,_Z,,2012,,0.302525692883769,,A,,,,,,3,,,,,,,
DATAFLOW,OECD.WISE.INE:DSD_WISE_IDD@DF_IDD(1.0),,I,HRV,,A,,INC_DISP_GINI,,_Z,,0_TO_1,,_T,,METH2012,,D_CUR,,_Z,,2013,,0.295874999063655,,A,,,,,,3,,,,,,,
DATAFLOW,OECD.WISE.INE:DSD_WISE_IDD@DF_IDD(1.0),,I,HRV,,A,,INC_DISP_GINI,,_Z,,0_TO_1,,_T,,METH2012,,D_CUR,,_Z,,2014,,0.299322067747873,,A,,,,,,3,,,,,,,
DATAFLOW,OECD.WISE.INE:DSD_WISE_IDD@DF_IDD(1.0),,I,HRV,,A,,INC_DISP_GINI,,_Z,,0_TO_1,,_T,,METH2012,,D_CUR,,_Z,,2015,,0.293885864429037,,A,,,,,,3,,,,,,,
DATAFLOW,OECD.WISE.INE:DSD_WISE_IDD@DF_IDD(1.0),,I,HRV,,A,,INC_DISP_GINI,,_Z,,0_TO_1,,_T,,METH2012,,D_CUR,,_Z,,2016,,0.297668752446812,,A,,,,,,3,,,,,,,
DATAFLOW,OECD.WISE.INE:DSD_WISE_IDD@DF_IDD(1.0),,I,HRV,,A,,INC_DISP_GINI,,_Z,,0_TO_1,,_T,,METH2012,,D_CUR,,_Z,,2017,,0.297252628064162,,A,,,,,,3,,,,,,,
DATAFLOW,OECD.WISE.INE:DSD_WISE_IDD@DF_IDD(1.0),,I,HRV,,A,,INC_DISP_GINI,,_Z,,0_TO_1,,_T,,METH2012,,D_CUR,,_Z,,2018,,0.293326122763998,,A,,,,,,3,,,,,,,
DATAFLOW,OECD.WISE.INE:DSD_WISE_IDD@DF_IDD(1.0),,I,HRV,,A,,INC_DISP_GINI,,_Z,,0_TO_1,,_T,,METH2012,,D_CUR,,_Z,,2019,,0.284315211032835,,A,,,,,,3,,,,,,,
DATAFLOW,OECD.WISE.INE:DSD_WISE_IDD@DF_IDD(1.0),,I,HRV,,A,,INC_DISP_GINI,,_Z,,0_TO_1,,_T,,METH2012,,D_CUR,,_Z,,2020,,0.291036318766423,,A,,,,,,3,,,,,,,
DATAFLOW,OECD.WISE.INE:DSD_WISE_IDD@DF_IDD(1.0),,I,HRV,,A,,INC_DISP_GINI,,_Z,,0_TO_1,,_T,,METH2012,,D_CUR,,_Z,,2021,,0.287673947885998,,A,,,,,,3,,,,,,,
DATAFLOW,OECD.WISE.INE:DSD_WISE_IDD@DF_IDD(1.0),,I,HRV,,A,,INC_DISP_GINI,,_Z,,0_TO_1,,_T,,METH2012,,D_CUR,,_Z,,2022,,0.298379565284004,,A,,,,,,3,,,,,,,
DATAFLOW,OECD.WISE.INE:DSD_WISE_IDD@DF_IDD(1.0),,I,IND,,A,,INC_DISP_GINI,,_Z,,0_TO_1,,_T,,METH2012,,D_CUR,,_Z,,2011,,0.494791479,,A,,,,,,3,,,,,,,
DATAFLOW,OECD.WISE.INE:DSD_WISE_IDD@DF_IDD(1.0),,I,ROU,,A,,INC_DISP_GINI,,_Z,,0_TO_1,,_T,,METH2012,,D_CUR,,_Z,,2010,,0.338706217248673,,A,,,,,,3,,,,,,,
DATAFLOW,OECD.WISE.INE:DSD_WISE_IDD@DF_IDD(1.0),,I,ROU,,A,,INC_DISP_GINI,,_Z,,0_TO_1,,_T,,METH2012,,D_CUR,,_Z,,2011,,0.339062743138287,,A,,,,,,3,,,,,,,
DATAFLOW,OECD.WISE.INE:DSD_WISE_IDD@DF_IDD(1.0),,I,ROU,,A,,INC_DISP_GINI,,_Z,,0_TO_1,,_T,,METH2012,,D_CUR,,_Z,,2012,,0.34433059243071,,A,,,,,,3,,,,,,,
DATAFLOW,OECD.WISE.INE:DSD_WISE_IDD@DF_IDD(1.0),,I,ROU,,A,,INC_DISP_GINI,,_Z,,0_TO_1,,_T,,METH2012,,D_CUR,,_Z,,2013,,0.34741055959596,,A,,,,,,3,,,,,,,
DATAFLOW,OECD.WISE.INE:DSD_WISE_IDD@DF_IDD(1.0),,I,ROU,,A,,INC_DISP_GINI,,_Z,,0_TO_1,,_T,,METH2012,,D_CUR,,_Z,,2014,,0.371079878716823,,A,,,,,,3,,,,,,,
DATAFLOW,OECD.WISE.INE:DSD_WISE_IDD@DF_IDD(1.0),,I,ROU,,A,,INC_DISP_GINI,,_Z,,0_TO_1,,_T,,METH2012,,D_CUR,,_Z,,2015,,0.345922152049456,,A,,,,,,3,,,,,,,
DATAFLOW,OECD.WISE.INE:DSD_WISE_IDD@DF_IDD(1.0),,I,ROU,,A,,INC_DISP_GINI,,_Z,,0_TO_1,,_T,,METH2012,,D_CUR,,_Z,,2016,,0.33178296777598,,A,,,,,,3,,,,,,,
DATAFLOW,OECD.WISE.INE:DSD_WISE_IDD@DF_IDD(1.0),,I,ROU,,A,,INC_DISP_GINI,,_Z,,0_TO_1,,_T,,METH2012,,D_CUR,,_Z,,2017,,0.351405877262871,,A,,,,,,3,,,,,,,
DATAFLOW,OECD.WISE.INE:DSD_WISE_IDD@DF_IDD(1.0),,I,ROU,,A,,INC_DISP_GINI,,_Z,,0_TO_1,,_T,,METH2012,,D_CUR,,_Z,,2018,,0.350186404030602,,A,,,,,,3,,,,,,,
DATAFLOW,OECD.WISE.INE:DSD_WISE_IDD@DF_IDD(1.0),,I,ROU,,A,,INC_DISP_GINI,,_Z,,0_TO_1,,_T,,METH2012,,D_CUR,,_Z,,2019,,0.338954624153269,,A,,,,,,3,,,,,,,
DATAFLOW,OECD.WISE.INE:DSD_WISE_IDD@DF_IDD(1.0),,I,ROU,,A,,INC_DISP_GINI,,_Z,,0_TO_1,,_T,,METH2012,,D_CUR,,_Z,,2020,,0.341663510793464,,A,,,,,,3,,,,,,,
DATAFLOW,OECD.WISE.INE:DSD_WISE_IDD@DF_IDD(1.0),,I,ROU,,A,,INC_DISP_GINI,,_Z,,0_TO_1,,_T,,METH2012,,D_CUR,,_Z,,2021,,0.31695749297358,,A,,,,,,3,,,,,,,
DATAFLOW,OECD.WISE.INE:DSD_WISE_IDD@DF_IDD(1.0),,I,ROU,,A,,INC_DISP_GINI,,_Z,,0_TO_1,,_T,,METH2012,,D_CUR,,_Z,,2022,,0.310148784420064,,A,,,,,,3,,,,,,,
DATAFLOW,OECD.WISE.INE:DSD_WISE_IDD@DF_IDD(1.0),,I,ZAF,,A,,INC_DISP_GINI,,_Z,,0_TO_1,,_T,,METH2012,,D_CUR,,_Z,,2015,,0.625602135,,A,,,,,,3,,,,,,,
DATAFLOW,OECD.WISE.INE:DSD_WISE_IDD@DF_IDD(1.0),,I,ZAF,,A,,INC_DISP_GINI,,_Z,,0_TO_1,,_T,,METH2012,,D_CUR,,_Z,,2017,,0.617578538,,A,,,,,,3,,,,,,,
DATAFLOW,OECD.WISE.INE:DSD_WISE_IDD@DF_IDD(1.0),,I,AUS,,A,,INC_DISP_GINI,,_Z,,0_TO_1,,_T,,METH2012,,D_CUR,,_Z,,2020,,0.319,,A,,,,,,3,,,,,,,
DATAFLOW,OECD.WISE.INE:DSD_WISE_IDD@DF_IDD(1.0),,I,CAN,,A,,INC_DISP_GINI,,_Z,,0_TO_1,,_T,,METH2012,,D_CUR,,_Z,,2022,,0.3,,A,,,,,,3,,,,,,,
DATAFLOW,OECD.WISE.INE:DSD_WISE_IDD@DF_IDD(1.0),,I,FRA,,A,,INC_DISP_GINI,,_Z,,0_TO_1,,_T,,METH2012,,D_CUR,,_Z,,2022,,0.297,,A,,,,,,3,,,,,,,
DATAFLOW,OECD.WISE.INE:DSD_WISE_IDD@DF_IDD(1.0),,I,ISR,,A,,INC_DISP_GINI,,_Z,,0_TO_1,,_T,,METH2012,,D_CUR,,_Z,,2022,,0.344907337,,A,,,,,,3,,,,,,,
DATAFLOW,OECD.WISE.INE:DSD_WISE_IDD@DF_IDD(1.0),,I,JPN,,A,,INC_DISP_GINI,,_Z,,0_TO_1,,_T,,METH2012,,D_CUR,,_Z,,2021,,0.338,,A,,,,,,3,,,,,,,
DATAFLOW,OECD.WISE.INE:DSD_WISE_IDD@DF_IDD(1.0),,I,KOR,,A,,INC_DISP_GINI,,_Z,,0_TO_1,,_T,,METH2012,,D_CUR,,_Z,,2020,,0.328,,A,,,,,,3,,,,,,,
DATAFLOW,OECD.WISE.INE:DSD_WISE_IDD@DF_IDD(1.0),,I,KOR,,A,,INC_DISP_GINI,,_Z,,0_TO_1,,_T,,METH2012,,D_CUR,,_Z,,2021,,0.329,,A,,,,,,3,,,,,,,
DATAFLOW,OECD.WISE.INE:DSD_WISE_IDD@DF_IDD(1.0),,I,KOR,,A,,INC_DISP_GINI,,_Z,,0_TO_1,,_T,,METH2012,,D_CUR,,_Z,,2022,,0.324,,A,,,,,,3,,,,,,,
DATAFLOW,OECD.WISE.INE:DSD_WISE_IDD@DF_IDD(1.0),,I,NLD,,A,,INC_DISP_GINI,,_Z,,0_TO_1,,_T,,METH2012,,D_CUR,,_Z,,2021,,0.295,,A,,,,,,3,,,,,,,
DATAFLOW,OECD.WISE.INE:DSD_WISE_IDD@DF_IDD(1.0),,I,NZL,,A,,INC_DISP_GINI,,_Z,,0_TO_1,,_T,,METH2012,,D_CUR,,_Z,,2020,,0.318,,A,,,,,,3,,,,,,,
DATAFLOW,OECD.WISE.INE:DSD_WISE_IDD@DF_IDD(1.0),,I,NZL,,A,,INC_DISP_GINI,,_Z,,0_TO_1,,_T,,METH2012,,D_CUR,,_Z,,2021,,0.303,,A,,,,,,3,,,,,,,
DATAFLOW,OECD.WISE.INE:DSD_WISE_IDD@DF_IDD(1.0),,I,NZL,,A,,INC_DISP_GINI,,_Z,,0_TO_1,,_T,,METH2012,,D_CUR,,_Z,,2022,,0.326,,A,,,,,,3,,,,,,,
DATAFLOW,OECD.WISE.INE:DSD_WISE_IDD@DF_IDD(1.0),,I,SWE,,A,,INC_DISP_GINI,,_Z,,0_TO_1,,_T,,METH2012,,D_CUR,,_Z,,2022,,0.29,,A,,,,,,3,,,,,,,
DATAFLOW,OECD.WISE.INE:DSD_WISE_IDD@DF_IDD(1.0),,I,AUS,,A,,INC_DISP_GINI,,_Z,,0_TO_1,,_T,,METH2012,,D_CUR,,_Z,,2012,,0.326,,A,,,,,,3,,,,,,,
DATAFLOW,OECD.WISE.INE:DSD_WISE_IDD@DF_IDD(1.0),,I,AUS,,A,,INC_DISP_GINI,,_Z,,0_TO_1,,_T,,METH2012,,D_CUR,,_Z,,2014,,0.337,,A,,,,,,3,,,,,,,
DATAFLOW,OECD.WISE.INE:DSD_WISE_IDD@DF_IDD(1.0),,I,AUS,,A,,INC_DISP_GINI,,_Z,,0_TO_1,,_T,,METH2012,,D_CUR,,_Z,,2016,,0.33,,A,,,,,,3,,,,,,,
DATAFLOW,OECD.WISE.INE:DSD_WISE_IDD@DF_IDD(1.0),,I,AUS,,A,,INC_DISP_GINI,,_Z,,0_TO_1,,_T,,METH2012,,D_CUR,,_Z,,2018,,0.325,,A,,,,,,3,,,,,,,
DATAFLOW,OECD.WISE.INE:DSD_WISE_IDD@DF_IDD(1.0),,I,CHL,,A,,INC_DISP_GINI,,_Z,,0_TO_1,,_T,,METH2012,,D_CUR,,_Z,,2011,,0.471,,A,,,,,,3,,,,,,,
DATAFLOW,OECD.WISE.INE:DSD_WISE_IDD@DF_IDD(1.0),,I,CHL,,A,,INC_DISP_GINI,,_Z,,0_TO_1,,_T,,METH2012,,D_CUR,,_Z,,2013,,0.465,,A,,,,,,3,,,,,,,
DATAFLOW,OECD.WISE.INE:DSD_WISE_IDD@DF_IDD(1.0),,I,CHL,,A,,INC_DISP_GINI,,_Z,,0_TO_1,,_T,,METH2012,,D_CUR,,_Z,,2015,,0.454,,A,,,,,,3,,,,,,,
DATAFLOW,OECD.WISE.INE:DSD_WISE_IDD@DF_IDD(1.0),,I,CHL,,A,,INC_DISP_GINI,,_Z,,0_TO_1,,_T,,METH2012,,D_CUR,,_Z,,2017,,0.46,,A,,,,,,3,,,,,,,
DATAFLOW,OECD.WISE.INE:DSD_WISE_IDD@DF_IDD(1.0),,I,DNK,,A,,INC_DISP_GINI,,_Z,,0_TO_1,,_T,,METH2012,,D_CUR,,_Z,,2017,,0.264,,A,,,,,,3,,,,,,,
DATAFLOW,OECD.WISE.INE:DSD_WISE_IDD@DF_IDD(1.0),,I,FIN,,A,,INC_DISP_GINI,,_Z,,0_TO_1,,_T,,METH2012,,D_CUR,,_Z,,2020,,0.265,,A,,,,,,3,,,,,,,
DATAFLOW,OECD.WISE.INE:DSD_WISE_IDD@DF_IDD(1.0),,I,FRA,,A,,INC_DISP_GINI,,_Z,,0_TO_1,,_T,,METH2012,,D_CUR,,_Z,,2020,,0.278,,A,,,,,,3,,,,,,,
DATAFLOW,OECD.WISE.INE:DSD_WISE_IDD@DF_IDD(1.0),,I,FRA,,A,,INC_DISP_GINI,,_Z,,0_TO_1,,_T,,METH2012,,D_CUR,,_Z,,2021,,0.298,,A,,,,,,3,,,,,,,
DATAFLOW,OECD.WISE.INE:DSD_WISE_IDD@DF_IDD(1.0),,I,JPN,,A,,INC_DISP_GINI,,_Z,,0_TO_1,,_T,,METH2012,,D_CUR,,_Z,,2018,,0.334,,A,,,,,,3,,,,,,,
DATAFLOW,OECD.WISE.INE:DSD_WISE_IDD@DF_IDD(1.0),,I,KOR,,A,,INC_DISP_GINI,,_Z,,0_TO_1,,_T,,METH2012,,D_CUR,,_Z,,2011,,0.388,,A,,,,,,3,,,,,,,
DATAFLOW,OECD.WISE.INE:DSD_WISE_IDD@DF_IDD(1.0),,I,KOR,,A,,INC_DISP_GINI,,_Z,,0_TO_1,,_T,,METH2012,,D_CUR,,_Z,,2012,,0.385,,A,,,,,,3,,,,,,,
DATAFLOW,OECD.WISE.INE:DSD_WISE_IDD@DF_IDD(1.0),,I,KOR,,A,,INC_DISP_GINI,,_Z,,0_TO_1,,_T,,METH2012,,D_CUR,,_Z,,2013,,0.372,,A,,,,,,3,,,,,,,
DATAFLOW,OECD.WISE.INE:DSD_WISE_IDD@DF_IDD(1.0),,I,KOR,,A,,INC_DISP_GINI,,_Z,,0_TO_1,,_T,,METH2012,,D_CUR,,_Z,,2014,,0.363,,A,,,,,,3,,,,,,,
DATAFLOW,OECD.WISE.INE:DSD_WISE_IDD@DF_IDD(1.0),,I,KOR,,A,,INC_DISP_GINI,,_Z,,0_TO_1,,_T,,METH2012,,D_CUR,,_Z,,2015,,0.352,,A,,,,,,3,,,,,,,
DATAFLOW,OECD.WISE.INE:DSD_WISE_IDD@DF_IDD(1.0),,I,KOR,,A,,INC_DISP_GINI,,_Z,,0_TO_1,,_T,,METH2012,,D_CUR,,_Z,,2016,,0.355,,A,,,,,,3,,,,,,,
DATAFLOW,OECD.WISE.INE:DSD_WISE_IDD@DF_IDD(1.0),,I,KOR,,A,,INC_DISP_GINI,,_Z,,0_TO_1,,_T,,METH2012,,D_CUR,,_Z,,2017,,0.354,,A,,,,,,3,,,,,,,
DATAFLOW,OECD.WISE.INE:DSD_WISE_IDD@DF_IDD(1.0),,I,KOR,,A,,INC_DISP_GINI,,_Z,,0_TO_1,,_T,,METH2012,,D_CUR,,_Z,,2018,,0.345,,A,,,,,,3,,,,,,,
DATAFLOW,OECD.WISE.INE:DSD_WISE_IDD@DF_IDD(1.0),,I,KOR,,A,,INC_DISP_GINI,,_Z,,0_TO_1,,_T,,METH2012,,D_CUR,,_Z,,2019,,0.339,,A,,,,,,3,,,,,,,
DATAFLOW,OECD.WISE.INE:DSD_WISE_IDD@DF_IDD(1.0),,I,NLD,,A,,INC_DISP_GINI,,_Z,,0_TO_1,,_T,,METH2012,,D_CUR,,_Z,,2011,,0.294,,A,,,,,,3,,,,,,,
DATAFLOW,OECD.WISE.INE:DSD_WISE_IDD@DF_IDD(1.0),,I,NLD,,A,,INC_DISP_GINI,,_Z,,0_TO_1,,_T,,METH2012,,D_CUR,,_Z,,2012,,0.293,,A,,,,,,3,,,,,,,
DATAFLOW,OECD.WISE.INE:DSD_WISE_IDD@DF_IDD(1.0),,I,NLD,,A,,INC_DISP_GINI,,_Z,,0_TO_1,,_T,,METH2012,,D_CUR,,_Z,,2013,,0.287,,A,,,,,,3,,,,,,,
DATAFLOW,OECD.WISE.INE:DSD_WISE_IDD@DF_IDD(1.0),,I,NLD,,A,,INC_DISP_GINI,,_Z,,0_TO_1,,_T,,METH2012,,D_CUR,,_Z,,2014,,0.305,,A,,,,,,3,,,,,,,
DATAFLOW,OECD.WISE.INE:DSD_WISE_IDD@DF_IDD(1.0),,I,NLD,,A,,INC_DISP_GINI,,_Z,,0_TO_1,,_T,,METH2012,,D_CUR,,_Z,,2015,,0.305,,A,,,,,,3,,,,,,,
DATAFLOW,OECD.WISE.INE:DSD_WISE_IDD@DF_IDD(1.0),,I,NLD,,A,,INC_DISP_GINI,,_Z,,0_TO_1,,_T,,METH2012,,D_CUR,,_Z,,2016,,0.292,,A,,,,,,3,,,,,,,
DATAFLOW,OECD.WISE.INE:DSD_WISE_IDD@DF_IDD(1.0),,I,NLD,,A,,INC_DISP_GINI,,_Z,,0_TO_1,,_T,,METH2012,,D_CUR,,_Z,,2017,,0.298,,A,,,,,,3,,,,,,,
DATAFLOW,OECD.WISE.INE:DSD_WISE_IDD@DF_IDD(1.0),,I,NLD,,A,,INC_DISP_GINI,,_Z,,0_TO_1,,_T,,METH2012,,D_CUR,,_Z,,2018,,0.295,,A,,,,,,3,,,,,,,
DATAFLOW,OECD.WISE.INE:DSD_WISE_IDD@DF_IDD(1.0),,I,NLD,,A,,INC_DISP_GINI,,_Z,,0_TO_1,,_T,,METH2012,,D_CUR,,_Z,,2019,,0.312,,A,,,,,,3,,,,,,,
DATAFLOW,OECD.WISE.INE:DSD_WISE_IDD@DF_IDD(1.0),,I,NLD,,A,,INC_DISP_GINI,,_Z,,0_TO_1,,_T,,METH2012,,D_CUR,,_Z,,2020,,0.295,,A,,,,,,3,,,,,,,
DATAFLOW,OECD.WISE.INE:DSD_WISE_IDD@DF_IDD(1.0),,I,NZL,,A,,INC_DISP_GINI,,_Z,,0_TO_1,,_T,,METH2012,,D_CUR,,_Z,,2010,,0.335,,A,,,,,,3,,,,,,,
DATAFLOW,OECD.WISE.INE:DSD_WISE_IDD@DF_IDD(1.0),,I,NZL,,A,,INC_DISP_GINI,,_Z,,0_TO_1,,_T,,METH2012,,D_CUR,,_Z,,2011,,0.329,,A,,,,,,3,,,,,,,
DATAFLOW,OECD.WISE.INE:DSD_WISE_IDD@DF_IDD(1.0),,I,NZL,,A,,INC_DISP_GINI,,_Z,,0_TO_1,,_T,,METH2012,,D_CUR,,_Z,,2012,,0.335,,A,,,,,,3,,,,,,,
DATAFLOW,OECD.WISE.INE:DSD_WISE_IDD@DF_IDD(1.0),,I,NZL,,A,,INC_DISP_GINI,,_Z,,0_TO_1,,_T,,METH2012,,D_CUR,,_Z,,2013,,0.341,,A,,,,,,3,,,,,,,
DATAFLOW,OECD.WISE.INE:DSD_WISE_IDD@DF_IDD(1.0),,I,NZL,,A,,INC_DISP_GINI,,_Z,,0_TO_1,,_T,,METH2012,,D_CUR,,_Z,,2014,,0.341,,A,,,,,,3,,,,,,,
DATAFLOW,OECD.WISE.INE:DSD_WISE_IDD@DF_IDD(1.0),,I,NZL,,A,,INC_DISP_GINI,,_Z,,0_TO_1,,_T,,METH2012,,D_CUR,,_Z,,2015,,0.325,,A,,,,,,3,,,,,,,
DATAFLOW,OECD.WISE.INE:DSD_WISE_IDD@DF_IDD(1.0),,I,NZL,,A,,INC_DISP_GINI,,_Z,,0_TO_1,,_T,,METH2012,,D_CUR,,_Z,,2016,,0.333,,A,,,,,,3,,,,,,,
DATAFLOW,OECD.WISE.INE:DSD_WISE_IDD@DF_IDD(1.0),,I,NZL,,A,,INC_DISP_GINI,,_Z,,0_TO_1,,_T,,METH2012,,D_CUR,,_Z,,2017,,0.335,,A,,,,,,3,,,,,,,
DATAFLOW,OECD.WISE.INE:DSD_WISE_IDD@DF_IDD(1.0),,I,NZL,,A,,INC_DISP_GINI,,_Z,,0_TO_1,,_T,,METH2012,,D_CUR,,_Z,,2018,,0.33,,A,,,,,,3,,,,,,,
DATAFLOW,OECD.WISE.INE:DSD_WISE_IDD@DF_IDD(1.0),,I,NZL,,A,,INC_DISP_GINI,,_Z,,0_TO_1,,_T,,METH2012,,D_CUR,,_Z,,2019,,0.326,,A,,,,,,3,,,,,,,
DATAFLOW,OECD.WISE.INE:DSD_WISE_IDD@DF_IDD(1.0),,I,NOR,,A,,INC_DISP_GINI,,_Z,,0_TO_1,,_T,,METH2012,,D_CUR,,_Z,,2013,,0.252,,A,,,,,,3,,,,,,,
DATAFLOW,OECD.WISE.INE:DSD_WISE_IDD@DF_IDD(1.0),,I,NOR,,A,,INC_DISP_GINI,,_Z,,0_TO_1,,_T,,METH2012,,D_CUR,,_Z,,2014,,0.257,,A,,,,,,3,,,,,,,
DATAFLOW,OECD.WISE.INE:DSD_WISE_IDD@DF_IDD(1.0),,I,NOR,,A,,INC_DISP_GINI,,_Z,,0_TO_1,,_T,,METH2012,,D_CUR,,_Z,,2020,,0.263,,A,,,,,,3,,,,,,,
DATAFLOW,OECD.WISE.INE:DSD_WISE_IDD@DF_IDD(1.0),,I,SWE,,A,,INC_DISP_GINI,,_Z,,0_TO_1,,_T,,METH2012,,D_CUR,,_Z,,2013,,0.267,,A,,,,,,3,,,,,,,
DATAFLOW,OECD.WISE.INE:DSD_WISE_IDD@DF_IDD(1.0),,I,SWE,,A,,INC_DISP_GINI,,_Z,,0_TO_1,,_T,,METH2012,,D_CUR,,_Z,,2014,,0.272,,A,,,,,,3,,,,,,,
DATAFLOW,OECD.WISE.INE:DSD_WISE_IDD@DF_IDD(1.0),,I,SWE,,A,,INC_DISP_GINI,,_Z,,0_TO_1,,_T,,METH2012,,D_CUR,,_Z,,2015,,0.276,,A,,,,,,3,,,,,,,
DATAFLOW,OECD.WISE.INE:DSD_WISE_IDD@DF_IDD(1.0),,I,SWE,,A,,INC_DISP_GINI,,_Z,,0_TO_1,,_T,,METH2012,,D_CUR,,_Z,,2016,,0.28,,A,,,,,,3,,,,,,,
DATAFLOW,OECD.WISE.INE:DSD_WISE_IDD@DF_IDD(1.0),,I,SWE,,A,,INC_DISP_GINI,,_Z,,0_TO_1,,_T,,METH2012,,D_CUR,,_Z,,2018,,0.273,,A,,,,,,3,,,,,,,
DATAFLOW,OECD.WISE.INE:DSD_WISE_IDD@DF_IDD(1.0),,I,SWE,,A,,INC_DISP_GINI,,_Z,,0_TO_1,,_T,,METH2012,,D_CUR,,_Z,,2019,,0.277,,A,,,,,,3,,,,,,,
DATAFLOW,OECD.WISE.INE:DSD_WISE_IDD@DF_IDD(1.0),,I,SWE,,A,,INC_DISP_GINI,,_Z,,0_TO_1,,_T,,METH2012,,D_CUR,,_Z,,2020,,0.276,,A,,,,,,3,,,,,,,
DATAFLOW,OECD.WISE.INE:DSD_WISE_IDD@DF_IDD(1.0),,I,SWE,,A,,INC_DISP_GINI,,_Z,,0_TO_1,,_T,,METH2012,,D_CUR,,_Z,,2021,,0.286,,A,,,,,,3,,,,,,,
DATAFLOW,OECD.WISE.INE:DSD_WISE_IDD@DF_IDD(1.0),,I,TUR,,A,,INC_DISP_GINI,,_Z,,0_TO_1,,_T,,METH2012,,D_CUR,,_Z,,2011,,0.403,,A,,,,,,3,,,,,,,
DATAFLOW,OECD.WISE.INE:DSD_WISE_IDD@DF_IDD(1.0),,I,TUR,,A,,INC_DISP_GINI,,_Z,,0_TO_1,,_T,,METH2012,,D_CUR,,_Z,,2012,,0.399,,A,,,,,,3,,,,,,,
DATAFLOW,OECD.WISE.INE:DSD_WISE_IDD@DF_IDD(1.0),,I,TUR,,A,,INC_DISP_GINI,,_Z,,0_TO_1,,_T,,METH2012,,D_CUR,,_Z,,2013,,0.39,,A,,,,,,3,,,,,,,
DATAFLOW,OECD.WISE.INE:DSD_WISE_IDD@DF_IDD(1.0),,I,TUR,,A,,INC_DISP_GINI,,_Z,,0_TO_1,,_T,,METH2012,,D_CUR,,_Z,,2014,,0.398,,A,,,,,,3,,,,,,,
DATAFLOW,OECD.WISE.INE:DSD_WISE_IDD@DF_IDD(1.0),,I,TUR,,A,,INC_DISP_GINI,,_Z,,0_TO_1,,_T,,METH2012,,D_CUR,,_Z,,2015,,0.404,,A,,,,,,3,,,,,,,
DATAFLOW,OECD.WISE.INE:DSD_WISE_IDD@DF_IDD(1.0),,I,GBR,,A,,INC_DISP_GINI,,_Z,,0_TO_1,,_T,,METH2012,,D_CUR,,_Z,,2013,,0.358,,A,,,,,,3,,,,,,,
DATAFLOW,OECD.WISE.INE:DSD_WISE_IDD@DF_IDD(1.0),,I,GBR,,A,,INC_DISP_GINI,,_Z,,0_TO_1,,_T,,METH2012,,D_CUR,,_Z,,2016,,0.351,,A,,,,,,3,,,,,,,
DATAFLOW,OECD.WISE.INE:DSD_WISE_IDD@DF_IDD(1.0),,I,GBR,,A,,INC_DISP_GINI,,_Z,,0_TO_1,,_T,,METH2012,,D_CUR,,_Z,,2017,,0.357,,A,,,,,,3,,,,,,,
DATAFLOW,OECD.WISE.INE:DSD_WISE_IDD@DF_IDD(1.0),,I,GBR,,A,,INC_DISP_GINI,,_Z,,0_TO_1,,_T,,METH2012,,D_CUR,,_Z,,2018,,0.366,,A,,,,,,3,,,,,,,
DATAFLOW,OECD.WISE.INE:DSD_WISE_IDD@DF_IDD(1.0),,I,GBR,,A,,INC_DISP_GINI,,_Z,,0_TO_1,,_T,,METH2012,,D_CUR,,_Z,,2019,,0.366,,A,,,,,,3,,,,,,,
DATAFLOW,OECD.WISE.INE:DSD_WISE_IDD@DF_IDD(1.0),,I,GBR,,A,,INC_DISP_GINI,,_Z,,0_TO_1,,_T,,METH2012,,D_CUR,,_Z,,2020,,0.355,,A,,,,,,3,,,,,,,
DATAFLOW,OECD.WISE.INE:DSD_WISE_IDD@DF_IDD(1.0),,I,RUS,,A,,INC_DISP_GINI,,_Z,,0_TO_1,,_T,,METH2012,,D_CUR,,_Z,,2011,,0.376,,A,,,,,,3,,,,,,,
DATAFLOW,OECD.WISE.INE:DSD_WISE_IDD@DF_IDD(1.0),,I,RUS,,A,,INC_DISP_GINI,,_Z,,0_TO_1,,_T,,METH2012,,D_CUR,,_Z,,2016,,0.331,,A,,,,,,3,,,,,,,
DATAFLOW,OECD.WISE.INE:DSD_WISE_IDD@DF_IDD(1.0),,I,RUS,,A,,INC_DISP_GINI,,_Z,,0_TO_1,,_T,,METH2012,,D_CUR,,_Z,,2017,,0.317,,A,,,,,,3,,,,,,,
DATAFLOW,OECD.WISE.INE:DSD_WISE_IDD@DF_IDD(1.0),,I,CAN,,A,,INC_DISP_GINI,,_Z,,0_TO_1,,_T,,METH2012,,D_CUR,,_Z,,2010,,0.316,,A,,,,,,3,,,,,,,
DATAFLOW,OECD.WISE.INE:DSD_WISE_IDD@DF_IDD(1.0),,I,CAN,,A,,INC_DISP_GINI,,_Z,,0_TO_1,,_T,,METH2012,,D_CUR,,_Z,,2011,,0.313,,A,,,,,,3,,,,,,,
DATAFLOW,OECD.WISE.INE:DSD_WISE_IDD@DF_IDD(1.0),,I,CAN,,A,,INC_DISP_GINI,,_Z,,0_TO_1,,_T,,METH2012,,D_CUR,,_Z,,2012,,0.317,,A,,,,,,3,,,,,,,
DATAFLOW,OECD.WISE.INE:DSD_WISE_IDD@DF_IDD(1.0),,I,CAN,,A,,INC_DISP_GINI,,_Z,,0_TO_1,,_T,,METH2012,,D_CUR,,_Z,,2013,,0.319,,A,,,,,,3,,,,,,,
DATAFLOW,OECD.WISE.INE:DSD_WISE_IDD@DF_IDD(1.0),,I,CAN,,A,,INC_DISP_GINI,,_Z,,0_TO_1,,_T,,METH2012,,D_CUR,,_Z,,2014,,0.312,,A,,,,,,3,,,,,,,
DATAFLOW,OECD.WISE.INE:DSD_WISE_IDD@DF_IDD(1.0),,I,CAN,,A,,INC_DISP_GINI,,_Z,,0_TO_1,,_T,,METH2012,,D_CUR,,_Z,,2015,,0.318,,A,,,,,,3,,,,,,,
DATAFLOW,OECD.WISE.INE:DSD_WISE_IDD@DF_IDD(1.0),,I,CAN,,A,,INC_DISP_GINI,,_Z,,0_TO_1,,_T,,METH2012,,D_CUR,,_Z,,2016,,0.307,,A,,,,,,3,,,,,,,
DATAFLOW,OECD.WISE.INE:DSD_WISE_IDD@DF_IDD(1.0),,I,CAN,,A,,INC_DISP_GINI,,_Z,,0_TO_1,,_T,,METH2012,,D_CUR,,_Z,,2017,,0.31,,A,,,,,,3,,,,,,,
DATAFLOW,OECD.WISE.INE:DSD_WISE_IDD@DF_IDD(1.0),,I,CAN,,A,,INC_DISP_GINI,,_Z,,0_TO_1,,_T,,METH2012,,D_CUR,,_Z,,2018,,0.304,,A,,,,,,3,,,,,,,
DATAFLOW,OECD.WISE.INE:DSD_WISE_IDD@DF_IDD(1.0),,I,CAN,,A,,INC_DISP_GINI,,_Z,,0_TO_1,,_T,,METH2012,,D_CUR,,_Z,,2019,,0.3,,A,,,,,,3,,,,,,,
DATAFLOW,OECD.WISE.INE:DSD_WISE_IDD@DF_IDD(1.0),,I,CAN,,A,,INC_DISP_GINI,,_Z,,0_TO_1,,_T,,METH2012,,D_CUR,,_Z,,2020,,0.28,,A,,,,,,3,,,,,,,
DATAFLOW,OECD.WISE.INE:DSD_WISE_IDD@DF_IDD(1.0),,I,CAN,,A,,INC_DISP_GINI,,_Z,,0_TO_1,,_T,,METH2012,,D_CUR,,_Z,,2021,,0.292,,A,,,,,,3,,,,,,,
